id,own_race,nma_treat,rating_qualified,rating_trust,rating_appliestome,income,risk_pre,messenger_race,messenger_role,video_length
18197,black,0.0,6,6,6,4,1,white,doc,long
18170,white,1.0,5,5,5,11,5,black,doc,short
11539,black,1.0,5,6,6,2,0,black,lay,short
13598,black,1.0,5,5,6,5,0,black,doc,short
9501,white,1.0,6,6,6,2,7,black,doc,short
8224,white,0.0,6,6,6,12,5,black,doc,short
15245,black,1.0,1,1,1,2,10,white,doc,long
19956,black,0.0,5,5,5,1,0,black,lay,short
18988,black,1.0,5,1,1,11,1,white,doc,long
11505,white,0.0,6,6,6,2,1,white,doc,short
11491,white,0.0,7,7,7,3,10,white,doc,short
17693,white,0.0,4,5,6,8,0,white,doc,short
13353,black,1.0,7,7,7,1,10,white,doc,long
8223,white,1.0,7,6,6,10,3,black,doc,short
20048,black,0.0,7,7,7,2,4,black,lay,short
8360,white,1.0,6,6,6,6,0,white,doc,short
12094,black,0.0,5,5,5,1,0,black,lay,short
16864,black,1.0,4,4,4,2,10,black,doc,short
18656,black,0.0,5,1,1,1,0,black,doc,short
11940,black,1.0,7,7,7,5,0,white,doc,long
18422,white,0.0,6,7,6,6,7,white,doc,short
8734,white,1.0,6,6,6,2,2,white,doc,short
13543,black,1.0,7,7,5,3,1,white,doc,long
8416,white,0.0,6,6,6,4,4,black,doc,short
16229,white,0.0,5,5,6,5,9,white,doc,short
14233,black,0.0,5,5,7,2,5,black,lay,short
17844,white,1.0,5,5,6,5,2,white,doc,short
15895,black,1.0,6,6,6,1,3,black,doc,short
20150,black,0.0,7,7,7,2,0,black,doc,short
19301,white,1.0,6,5,6,5,3,black,doc,short
17434,white,0.0,5,5,5,1,4,black,doc,short
13620,black,1.0,6,6,4,3,0,black,doc,short
18906,black,1.0,4,6,4,11,3,black,lay,short
12662,black,1.0,6,6,6,3,0,white,doc,short
13506,black,0.0,5,1,4,1,3,black,doc,short
13164,black,1.0,6,5,5,4,3,white,doc,short
14293,black,1.0,7,6,6,12,8,black,doc,short
9955,white,0.0,5,5,4,8,0,black,doc,short
11140,black,0.0,6,7,6,1,2,white,doc,long
17766,black,0.0,6,6,6,3,3,white,doc,long
10751,white,1.0,6,6,6,8,3,white,doc,short
14661,black,0.0,7,7,7,3,0,black,doc,short
12519,black,1.0,5,5,6,4,2,white,doc,long
17695,white,0.0,5,6,7,3,6,white,doc,short
19206,white,1.0,7,7,6,4,3,white,doc,short
8741,white,1.0,5,1,1,5,5,white,doc,short
19275,white,0.0,1,1,1,5,1,white,doc,short
10837,white,1.0,1,1,5,3,2,white,doc,short
9074,black,1.0,5,5,6,7,1,black,doc,short
17349,white,1.0,5,5,5,1,0,white,doc,short
20300,white,1.0,1,1,1,11,0,white,doc,short
9551,white,0.0,1,1,1,11,0,black,doc,short
10015,black,1.0,7,6,6,2,2,black,doc,short
13323,black,1.0,1,1,1,1,3,black,lay,short
17728,white,1.0,6,6,6,5,6,black,doc,short
20282,white,1.0,5,4,6,9,0,white,doc,short
12917,black,1.0,6,6,6,1,0,black,lay,short
19992,black,1.0,5,5,5,6,7,black,doc,short
17538,white,0.0,1,1,1,4,10,black,doc,short
9210,black,1.0,1,1,1,3,0,black,lay,short
12848,black,0.0,6,6,4,3,0,white,doc,long
16217,white,1.0,5,6,6,8,5,white,doc,short
11769,black,1.0,5,5,6,8,0,white,doc,short
19363,white,0.0,5,5,5,2,0,white,doc,short
13857,black,1.0,1,5,5,8,2,black,doc,short
15318,black,1.0,7,7,7,2,10,black,doc,short
17852,white,0.0,5,6,6,8,7,white,doc,short
13413,white,0.0,5,4,4,8,1,black,doc,short
16407,white,0.0,6,6,6,2,3,black,doc,short
20280,white,1.0,5,1,4,3,2,black,doc,short
20554,black,1.0,5,5,1,5,0,white,doc,short
10300,white,0.0,5,5,5,6,6,white,doc,short
20691,black,1.0,4,4,4,4,0,white,doc,long
17795,white,1.0,6,6,6,2,3,white,doc,short
14164,black,1.0,7,7,1,5,3,white,doc,short
11279,white,0.0,1,1,1,2,10,black,doc,short
11287,white,1.0,5,5,5,4,3,white,doc,short
9303,white,0.0,6,6,6,3,5,white,doc,short
10886,white,1.0,6,6,4,1,0,white,doc,short
14743,black,1.0,5,5,5,1,0,black,doc,short
12343,black,0.0,4,4,4,8,0,white,doc,short
15009,black,0.0,5,1,1,2,0,white,doc,long
8385,white,0.0,5,4,4,2,0,black,doc,short
9011,white,1.0,5,5,5,5,1,black,doc,short
16776,white,0.0,5,5,5,8,0,black,doc,short
14355,black,1.0,1,1,1,4,0,black,lay,short
9727,black,0.0,7,5,4,6,5,black,doc,short
8231,white,0.0,5,5,5,1,0,black,doc,short
18378,black,0.0,5,1,1,7,0,black,doc,short
16725,white,1.0,5,5,5,7,3,black,doc,short
13073,black,1.0,5,1,1,1,0,white,doc,long
9138,black,0.0,5,5,5,4,0,white,doc,short
18861,black,1.0,6,4,6,3,8,white,doc,long
9097,white,1.0,5,5,5,2,8,black,doc,short
8515,white,0.0,1,5,1,11,5,black,doc,short
10289,white,1.0,1,1,5,8,0,white,doc,short
8669,black,0.0,4,1,5,6,1,black,lay,short
10926,white,0.0,5,4,1,1,0,black,doc,short
20229,black,0.0,6,5,1,1,0,white,doc,long
17231,black,0.0,5,6,5,1,0,black,lay,short
17923,white,0.0,5,1,5,1,2,white,doc,short
9532,white,0.0,5,5,5,8,0,black,doc,short
16334,white,1.0,5,4,6,8,0,white,doc,short
16953,white,1.0,4,1,5,12,2,white,doc,short
9709,black,0.0,4,5,5,6,5,black,lay,short
8395,white,1.0,5,5,5,6,4,black,doc,short
12317,black,1.0,5,5,5,7,0,black,lay,short
8348,white,1.0,7,7,7,3,10,black,doc,short
11890,black,1.0,5,5,5,1,1,white,doc,short
9023,black,0.0,6,6,6,2,5,white,doc,long
19027,black,1.0,7,7,7,3,4,white,doc,short
12710,black,0.0,6,5,4,1,0,white,doc,long
16132,black,0.0,6,5,6,3,0,white,doc,long
18759,black,0.0,5,5,6,4,2,black,lay,short
18972,black,1.0,6,5,5,4,3,black,lay,short
12871,black,1.0,6,6,7,1,0,white,doc,long
10895,white,0.0,7,7,7,2,3,white,doc,short
10687,white,1.0,5,5,5,8,1,black,doc,short
10911,white,0.0,6,6,6,7,2,white,doc,short
17074,white,1.0,5,5,6,4,3,white,doc,short
10240,white,1.0,6,5,6,7,2,black,doc,short
17840,black,0.0,5,5,5,1,0,white,doc,short
19662,black,1.0,5,6,7,1,5,black,doc,short
19989,black,0.0,5,5,6,11,4,white,doc,long
8875,white,0.0,5,5,6,7,3,white,doc,short
8918,white,1.0,5,5,6,2,7,white,doc,short
9197,black,1.0,6,6,6,11,2,white,doc,long
13878,black,0.0,5,5,6,4,5,white,doc,short
19711,black,1.0,7,4,5,1,9,white,doc,long
18914,black,0.0,5,5,1,4,0,white,doc,short
8765,white,0.0,5,1,6,4,1,white,doc,short
19375,black,0.0,5,6,5,2,5,white,doc,long
9749,black,1.0,6,6,5,4,0,black,doc,short
13708,black,1.0,7,5,5,3,0,white,doc,long
8627,black,0.0,6,6,6,1,9,black,doc,short
20521,white,0.0,7,7,7,5,6,white,doc,short
9587,white,0.0,5,6,6,4,4,white,doc,short
10867,black,1.0,6,6,6,5,0,white,doc,short
15507,black,1.0,7,6,7,4,0,white,doc,short
8890,black,1.0,4,4,6,4,2,black,lay,short
11766,black,1.0,6,6,6,7,0,white,doc,long
13306,white,0.0,5,5,6,6,8,black,doc,short
9418,white,1.0,5,5,6,2,0,black,doc,short
18821,black,0.0,6,4,4,2,0,white,doc,short
8785,white,1.0,6,6,6,8,6,black,doc,short
20284,black,0.0,1,1,4,4,0,white,doc,short
20448,white,0.0,6,6,5,1,0,black,doc,short
16785,white,1.0,6,6,5,6,2,white,doc,short
13966,black,0.0,6,5,6,1,5,white,doc,long
16169,black,1.0,6,6,6,1,0,white,doc,short
10467,black,0.0,5,5,7,3,0,black,lay,short
20519,white,1.0,5,1,6,10,3,black,doc,short
9940,black,0.0,6,5,5,6,3,white,doc,long
8747,white,0.0,6,6,7,3,6,white,doc,short
13092,black,0.0,5,5,1,2,0,white,doc,long
9665,black,0.0,6,6,6,1,7,black,lay,short
18979,black,0.0,6,6,6,1,0,black,doc,short
12612,black,0.0,6,7,5,1,1,black,doc,short
18492,black,0.0,7,6,5,4,0,black,lay,short
16310,white,0.0,5,5,5,7,0,black,doc,short
15677,black,0.0,4,5,6,1,0,white,doc,short
13155,black,1.0,5,5,6,1,5,white,doc,long
10633,white,1.0,5,5,4,2,7,white,doc,short
9188,black,0.0,5,5,5,5,0,white,doc,short
18889,black,0.0,5,5,5,11,0,black,lay,short
10323,white,0.0,5,6,6,4,4,white,doc,short
11438,black,0.0,7,7,7,2,4,white,doc,short
17967,black,0.0,5,5,6,7,0,black,lay,short
15971,black,0.0,6,6,6,2,3,black,doc,short
11340,black,0.0,5,5,6,5,5,white,doc,long
18790,black,0.0,6,6,6,2,3,black,doc,short
19608,black,1.0,1,1,1,4,0,black,lay,short
15501,black,0.0,1,1,1,1,0,black,doc,short
20139,black,0.0,4,7,1,1,7,white,doc,long
10140,black,1.0,6,6,6,8,10,white,doc,short
20019,black,1.0,7,7,7,1,0,white,doc,short
17527,white,1.0,1,4,5,1,3,white,doc,short
9335,black,0.0,1,1,1,3,0,black,lay,short
19368,black,1.0,6,6,6,6,0,white,doc,long
19424,black,1.0,5,5,5,1,0,white,doc,short
8632,white,0.0,6,6,6,12,6,white,doc,short
9523,white,0.0,5,6,5,5,2,white,doc,short
15659,black,1.0,6,7,7,1,5,black,doc,short
9464,white,1.0,6,5,6,5,2,black,doc,short
13534,black,0.0,7,7,7,1,2,black,doc,short
19579,black,1.0,5,5,5,2,5,white,doc,short
9346,black,0.0,5,5,5,2,1,black,lay,short
8160,black,1.0,7,7,7,5,0,white,doc,long
9185,black,0.0,6,5,6,3,0,black,doc,short
15232,black,0.0,6,5,7,4,5,black,doc,short
10446,black,1.0,7,7,7,2,0,black,lay,short
9666,white,0.0,7,7,7,5,5,black,doc,short
12212,black,0.0,6,6,6,1,5,black,doc,short
9897,black,1.0,5,5,6,1,2,black,doc,short
17091,black,1.0,5,4,5,2,0,white,doc,long
19183,white,1.0,5,5,5,7,0,black,doc,short
8986,white,1.0,6,7,6,1,2,white,doc,short
13879,black,1.0,6,7,6,3,2,black,lay,short
17005,white,0.0,5,6,5,7,5,black,doc,short
14304,black,1.0,6,6,7,2,0,white,doc,long
18213,black,1.0,6,6,6,1,0,white,doc,long
13330,black,1.0,1,4,5,12,5,white,doc,short
14928,black,1.0,4,5,5,8,2,black,lay,short
9341,white,1.0,7,7,7,2,1,black,doc,short
16197,white,0.0,6,5,6,4,5,white,doc,short
10108,white,0.0,6,6,6,5,5,black,doc,short
18840,black,0.0,5,5,6,2,3,white,doc,long
20024,black,1.0,6,5,4,7,2,white,doc,short
9363,white,0.0,1,1,1,1,0,white,doc,short
15885,black,1.0,7,5,5,1,2,white,doc,long
19362,white,1.0,6,6,6,5,0,white,doc,short
18107,black,1.0,7,7,1,2,0,white,doc,long
14190,black,0.0,7,7,5,1,0,white,doc,short
14551,black,1.0,7,7,7,4,1,white,doc,short
8255,white,1.0,5,5,5,2,0,white,doc,short
19973,black,0.0,6,7,7,3,3,black,doc,short
15601,black,1.0,6,6,6,1,7,white,doc,long
10293,white,1.0,5,5,7,3,3,black,doc,short
13845,black,1.0,6,6,6,1,0,black,lay,short
14887,white,0.0,7,7,7,3,2,black,doc,short
11546,black,1.0,6,6,6,1,1,black,lay,short
16505,white,1.0,4,1,5,1,3,white,doc,short
8557,white,0.0,6,7,6,7,5,black,doc,short
9538,white,0.0,6,6,6,8,2,black,doc,short
13905,black,1.0,7,6,6,6,7,white,doc,long
8334,white,0.0,7,7,7,4,10,black,doc,short
18013,black,1.0,5,5,5,1,3,white,doc,short
8475,white,1.0,4,4,4,7,2,black,doc,short
19141,white,0.0,6,6,6,3,6,white,doc,short
9753,black,0.0,5,4,4,4,0,white,doc,short
8373,white,1.0,6,5,5,2,5,white,doc,short
14792,black,1.0,7,6,1,12,3,black,doc,short
15049,black,1.0,6,6,6,5,1,black,doc,short
13743,black,0.0,7,7,7,3,0,black,lay,short
15239,white,1.0,5,5,5,6,3,white,doc,short
10309,white,0.0,5,5,6,2,0,black,doc,short
8353,white,0.0,6,7,6,8,5,white,doc,short
9602,white,1.0,5,5,6,11,7,white,doc,short
8867,black,0.0,5,5,5,2,7,black,lay,short
10949,white,0.0,6,7,7,5,0,black,doc,short
8345,white,1.0,6,6,6,2,4,white,doc,short
14470,black,0.0,7,7,7,4,0,black,doc,short
20198,black,1.0,1,4,5,1,0,black,lay,short
18881,black,0.0,7,7,7,3,0,white,doc,long
15615,black,1.0,1,1,1,6,5,black,lay,short
15950,black,0.0,6,5,4,4,0,white,doc,short
13013,black,0.0,7,6,6,11,2,black,doc,short
20083,black,0.0,5,5,6,1,0,black,lay,short
13566,white,1.0,5,6,7,8,0,white,doc,short
9160,white,1.0,6,6,6,1,2,black,doc,short
18362,black,0.0,5,6,5,6,0,black,doc,short
12119,black,0.0,6,4,6,1,0,black,doc,short
12702,black,1.0,6,6,6,7,4,white,doc,long
12266,black,0.0,6,6,6,11,0,black,doc,short
12776,black,0.0,7,7,7,1,5,white,doc,long
8640,white,1.0,5,5,6,1,2,black,doc,short
10219,white,0.0,6,6,6,2,4,black,doc,short
19257,white,1.0,5,6,6,8,8,white,doc,short
20177,black,1.0,5,5,5,2,0,white,doc,short
19172,white,1.0,5,5,6,5,3,black,doc,short
13482,black,1.0,7,6,6,1,2,white,doc,long
9098,black,1.0,5,5,5,2,0,white,doc,long
14002,black,0.0,5,6,5,1,1,black,lay,short
9298,white,1.0,7,7,7,3,0,white,doc,short
19522,black,0.0,1,1,1,3,0,white,doc,short
11865,black,0.0,4,5,4,1,2,black,lay,short
10897,white,1.0,6,6,6,5,5,black,doc,short
9642,white,1.0,4,6,6,1,6,white,doc,short
10793,white,1.0,5,6,6,2,5,white,doc,short
9475,white,0.0,4,5,5,6,0,black,doc,short
19976,black,1.0,5,4,6,5,0,white,doc,long
16436,white,1.0,6,1,6,4,5,black,doc,short
8524,white,1.0,5,6,6,1,5,black,doc,short
19396,black,1.0,6,5,6,1,4,white,doc,short
18665,black,1.0,6,7,7,1,10,white,doc,short
9681,black,1.0,5,5,5,1,0,black,lay,short
11246,white,1.0,6,6,6,7,6,white,doc,short
11233,white,0.0,5,5,6,10,8,black,doc,short
8824,white,1.0,5,4,6,4,7,white,doc,short
13545,black,0.0,5,6,6,3,0,white,doc,short
9143,white,0.0,5,5,5,3,0,black,doc,short
12948,black,0.0,5,5,5,5,0,black,doc,short
12501,black,0.0,5,5,5,5,3,white,doc,short
15435,black,1.0,6,6,6,3,3,black,doc,short
15800,black,0.0,5,5,5,2,0,black,lay,short
8658,black,0.0,6,6,6,2,3,white,doc,short
16869,white,0.0,4,6,5,8,6,white,doc,short
16053,black,1.0,7,5,6,5,3,black,doc,short
12297,black,1.0,5,6,6,1,0,white,doc,short
19623,black,0.0,5,5,6,3,0,black,doc,short
12915,black,0.0,7,6,7,7,3,black,lay,short
8397,black,0.0,6,6,6,3,0,black,doc,short
8584,white,0.0,6,6,6,5,7,black,doc,short
15427,white,0.0,5,5,6,6,3,black,doc,short
19033,black,0.0,1,1,6,6,3,white,doc,long
13273,black,1.0,5,5,5,2,0,black,doc,short
14182,black,1.0,6,5,1,1,0,black,lay,short
15886,black,1.0,5,6,6,1,5,black,lay,short
13433,black,0.0,5,7,7,7,3,black,doc,short
11296,black,0.0,6,6,7,5,5,white,doc,short
13258,white,0.0,5,5,7,8,2,white,doc,short
15290,black,0.0,6,5,5,1,4,black,lay,short
15036,black,0.0,6,7,6,3,9,white,doc,short
16537,white,0.0,1,1,1,3,10,black,doc,short
20407,white,1.0,6,6,6,7,0,white,doc,short
20809,black,0.0,6,1,6,3,10,white,doc,short
10840,white,1.0,7,7,6,5,2,white,doc,short
9857,black,1.0,6,6,6,4,9,white,doc,long
18705,black,0.0,5,5,5,8,0,white,doc,short
12047,black,0.0,5,5,6,5,4,white,doc,long
18730,black,0.0,1,4,5,1,0,white,doc,long
14740,black,0.0,6,5,6,2,0,white,doc,short
8972,white,0.0,1,5,1,7,0,black,doc,short
14287,black,0.0,6,5,5,2,10,black,lay,short
15592,black,0.0,6,6,6,6,5,black,lay,short
9113,black,0.0,6,6,6,1,5,black,doc,short
20339,white,0.0,5,5,6,2,2,white,doc,short
11850,black,1.0,5,5,5,3,1,white,doc,short
18209,black,0.0,5,6,6,1,10,white,doc,short
9826,black,0.0,7,7,6,3,3,white,doc,short
11261,white,1.0,6,5,5,1,0,white,doc,short
18442,black,1.0,6,6,6,1,0,black,lay,short
9721,black,1.0,5,5,5,1,0,black,lay,short
11983,black,1.0,7,7,7,2,0,white,doc,short
17779,white,1.0,4,6,6,8,5,white,doc,short
20437,black,1.0,6,6,6,2,0,black,lay,short
19594,black,0.0,6,6,6,1,10,black,lay,short
9120,white,1.0,7,7,7,2,10,white,doc,short
8635,white,0.0,5,6,6,7,2,black,doc,short
14783,black,1.0,4,7,4,1,0,white,doc,short
16587,black,0.0,5,5,5,4,3,black,doc,short
11936,black,0.0,6,6,5,8,2,white,doc,short
16110,black,0.0,5,5,5,8,0,white,doc,short
14787,black,0.0,1,4,1,2,5,white,doc,long
20051,black,1.0,5,5,5,3,1,white,doc,long
17044,black,1.0,5,4,6,2,0,black,lay,short
13291,white,1.0,1,1,1,8,0,black,doc,short
15175,black,0.0,7,6,4,4,7,black,lay,short
11758,black,0.0,6,6,6,7,0,white,doc,long
19391,black,0.0,6,6,6,7,7,black,doc,short
9016,black,0.0,6,6,6,1,1,black,doc,short
14862,black,0.0,6,6,6,1,4,white,doc,short
19318,white,1.0,5,5,5,6,4,white,doc,short
17690,black,0.0,5,5,5,11,0,black,lay,short
17219,black,0.0,4,4,4,1,5,white,doc,long
10192,white,1.0,7,7,7,12,10,black,doc,short
20222,black,1.0,7,7,7,5,0,white,doc,short
15752,black,1.0,5,5,6,2,2,black,doc,short
20149,black,0.0,5,5,5,1,0,black,lay,short
14501,white,1.0,5,5,5,1,5,black,doc,short
19896,black,0.0,6,4,4,5,0,black,doc,short
18114,black,1.0,6,6,6,11,10,white,doc,short
19652,black,0.0,6,6,6,1,5,black,lay,short
13262,white,1.0,5,6,5,3,0,black,doc,short
17898,white,0.0,6,5,4,11,10,white,doc,short
9474,black,1.0,4,4,4,9,10,black,lay,short
14687,black,0.0,5,5,5,4,0,black,lay,short
19358,black,1.0,7,7,7,3,10,black,doc,short
9086,black,1.0,5,5,5,6,5,white,doc,long
15247,black,1.0,5,5,5,3,4,black,doc,short
13599,black,0.0,6,5,6,2,8,white,doc,short
13122,black,0.0,6,6,6,1,0,black,lay,short
18853,black,0.0,6,7,6,1,0,white,doc,short
16891,white,0.0,1,4,5,4,4,black,doc,short
13850,black,1.0,5,5,5,2,1,white,doc,short
15028,black,0.0,5,6,6,2,4,white,doc,long
11147,black,0.0,7,7,7,4,10,white,doc,long
12811,black,1.0,1,1,1,1,10,white,doc,short
10750,white,0.0,6,6,7,5,5,black,doc,short
15031,black,0.0,6,5,5,1,0,white,doc,short
19255,white,1.0,6,5,5,2,0,black,doc,short
8926,black,0.0,4,6,6,1,3,black,doc,short
18343,black,1.0,5,5,6,3,2,black,lay,short
16035,black,0.0,4,5,4,3,0,black,lay,short
10631,white,0.0,5,5,5,1,1,black,doc,short
12608,black,1.0,5,5,6,3,7,black,lay,short
11664,black,1.0,1,6,4,3,4,black,lay,short
17724,black,1.0,7,7,7,7,3,white,doc,long
20412,black,0.0,7,7,6,5,1,white,doc,short
11215,black,1.0,6,6,6,2,6,black,doc,short
8862,white,0.0,7,7,7,5,4,black,doc,short
11941,black,0.0,6,6,7,11,1,black,lay,short
8936,white,0.0,6,6,6,3,5,black,doc,short
8758,white,0.0,4,6,4,1,7,black,doc,short
9966,black,0.0,6,6,6,12,4,black,lay,short
19656,black,1.0,6,6,1,1,0,white,doc,short
8148,black,0.0,5,5,7,5,10,black,lay,short
18304,white,1.0,5,4,5,4,5,white,doc,short
12107,black,1.0,6,6,6,1,0,black,doc,short
8915,white,0.0,6,6,5,5,3,black,doc,short
9509,white,1.0,6,6,6,4,2,white,doc,short
17554,white,1.0,5,4,5,11,0,white,doc,short
19231,white,1.0,4,6,4,3,9,black,doc,short
10634,white,0.0,1,4,5,4,6,black,doc,short
8724,black,1.0,1,1,4,3,0,black,lay,short
14814,black,0.0,5,4,7,5,6,black,lay,short
19280,white,1.0,5,5,5,5,0,white,doc,short
10644,white,0.0,1,1,1,2,2,white,doc,short
17706,black,1.0,6,6,6,4,3,black,doc,short
17003,white,0.0,5,5,5,5,2,white,doc,short
19496,black,0.0,7,4,1,11,10,black,doc,short
14737,black,1.0,1,1,1,3,0,white,doc,short
17654,white,0.0,4,5,5,4,1,black,doc,short
12571,black,1.0,6,6,5,4,0,black,doc,short
10195,white,0.0,6,4,4,4,1,white,doc,short
15277,black,0.0,5,4,5,7,1,black,doc,short
15477,black,1.0,7,6,7,6,3,white,doc,long
20418,white,1.0,6,5,5,2,4,black,doc,short
8874,white,1.0,5,5,5,6,1,black,doc,short
15438,black,1.0,6,6,6,3,2,white,doc,short
18043,black,1.0,7,7,5,1,0,white,doc,short
14602,black,0.0,5,6,7,4,9,white,doc,short
9314,white,1.0,6,6,4,3,3,white,doc,short
8333,black,1.0,6,6,5,7,0,white,doc,long
13614,black,0.0,5,1,1,2,0,white,doc,short
18225,black,1.0,7,7,5,2,0,white,doc,short
8751,white,1.0,7,7,7,5,10,black,doc,short
10106,white,1.0,6,5,6,4,5,black,doc,short
9073,black,1.0,4,6,5,9,7,white,doc,long
19403,black,1.0,6,6,6,11,0,white,doc,long
15443,black,1.0,5,5,5,6,0,black,doc,short
19759,black,1.0,5,6,5,2,5,white,doc,short
18723,black,0.0,6,6,6,3,0,white,doc,short
14619,black,1.0,5,6,5,7,4,white,doc,long
13441,black,0.0,6,6,6,1,0,white,doc,long
11151,white,0.0,5,6,5,3,3,black,doc,short
9636,black,0.0,6,6,6,3,0,white,doc,short
19049,black,0.0,5,5,5,3,0,white,doc,long
18693,black,1.0,5,5,5,2,0,white,doc,long
9708,black,1.0,5,5,5,11,2,white,doc,long
19048,black,0.0,5,5,5,1,0,black,lay,short
20628,black,1.0,6,6,6,11,1,black,doc,short
13798,black,0.0,5,5,6,2,0,white,doc,long
12052,black,1.0,5,5,6,1,0,white,doc,short
15424,white,1.0,6,6,6,2,3,black,doc,short
8396,white,0.0,5,5,5,6,7,white,doc,short
12930,black,1.0,7,7,7,4,3,white,doc,short
15907,black,1.0,5,5,6,2,0,black,lay,short
20332,white,1.0,5,5,5,1,10,black,doc,short
15499,white,0.0,5,1,5,3,10,white,doc,short
10335,white,1.0,5,5,7,6,3,white,doc,short
12265,black,1.0,5,4,5,3,3,white,doc,long
11849,black,0.0,6,6,5,3,3,black,lay,short
10452,black,1.0,6,6,7,3,9,black,lay,short
17691,white,1.0,6,5,5,10,5,black,doc,short
8210,white,0.0,6,6,6,6,2,black,doc,short
13034,black,1.0,6,5,7,5,0,black,doc,short
18857,black,1.0,6,6,6,1,6,black,doc,short
19080,black,1.0,1,4,1,11,0,black,lay,short
10986,white,1.0,6,6,6,3,9,white,doc,short
15802,black,0.0,6,6,6,9,5,black,doc,short
8441,white,1.0,6,6,6,5,0,black,doc,short
14825,black,1.0,6,6,5,5,5,white,doc,short
20082,black,0.0,6,6,6,2,4,black,doc,short
18063,black,0.0,5,5,7,7,5,black,doc,short
14718,black,1.0,7,7,6,8,3,white,doc,long
16946,white,0.0,5,5,6,4,2,white,doc,short
10001,black,1.0,7,7,7,1,8,black,doc,short
17978,black,0.0,6,6,5,7,5,white,doc,long
11256,white,0.0,5,6,7,6,8,black,doc,short
15430,white,1.0,6,6,6,2,3,white,doc,short
8625,white,1.0,6,6,7,4,4,white,doc,short
17730,white,0.0,5,5,5,1,5,white,doc,short
16462,white,1.0,4,5,6,7,7,black,doc,short
13102,black,0.0,7,7,7,2,0,white,doc,long
8945,white,1.0,5,5,7,5,9,black,doc,short
9400,black,0.0,6,6,6,4,7,black,lay,short
10377,white,1.0,5,6,5,1,6,black,doc,short
16715,white,0.0,6,6,6,5,3,white,doc,short
16832,white,0.0,6,6,6,2,3,white,doc,short
8823,white,0.0,6,5,7,4,0,black,doc,short
9043,white,0.0,7,7,5,4,0,black,doc,short
9369,white,1.0,5,5,5,1,0,white,doc,short
9190,white,0.0,7,7,7,2,4,white,doc,short
17861,white,0.0,7,7,6,5,5,black,doc,short
19761,black,0.0,6,4,6,4,0,white,doc,long
15981,black,1.0,5,5,6,7,0,black,doc,short
11007,white,1.0,7,7,7,3,5,black,doc,short
10725,white,1.0,5,5,5,4,0,white,doc,short
8595,white,1.0,5,5,5,9,3,white,doc,short
14550,black,1.0,5,5,6,1,4,white,doc,short
17803,black,1.0,6,7,6,3,3,white,doc,short
20065,black,1.0,5,5,5,6,0,black,doc,short
19423,black,0.0,1,1,1,3,0,white,doc,short
15034,black,1.0,7,7,5,7,1,black,doc,short
16396,white,1.0,4,5,6,4,5,black,doc,short
20488,white,1.0,5,6,6,4,2,black,doc,short
8598,white,0.0,6,6,6,2,0,black,doc,short
18726,black,1.0,7,7,7,4,3,black,doc,short
12143,black,0.0,6,6,6,2,1,black,doc,short
10605,white,1.0,5,5,7,3,1,black,doc,short
9710,white,1.0,7,7,7,10,6,white,doc,short
15902,black,1.0,6,6,6,6,2,white,doc,long
9609,white,1.0,6,6,7,4,10,white,doc,short
19246,white,0.0,7,6,6,5,3,white,doc,short
15533,white,0.0,5,5,7,5,0,white,doc,short
17182,black,1.0,5,1,5,2,0,white,doc,short
10625,white,0.0,6,7,6,5,5,black,doc,short
17520,white,0.0,5,6,6,12,4,white,doc,short
8906,white,1.0,7,7,7,5,3,white,doc,short
15855,black,0.0,7,7,7,8,3,black,doc,short
18482,black,1.0,1,4,7,7,1,black,lay,short
11358,white,1.0,5,5,7,11,1,black,doc,short
10463,white,0.0,6,5,7,6,4,white,doc,short
8372,white,1.0,5,4,5,2,2,white,doc,short
17547,black,1.0,5,6,6,3,1,white,doc,short
11495,white,1.0,4,4,5,5,2,white,doc,short
17395,white,1.0,5,1,1,3,0,white,doc,short
9909,black,0.0,5,5,5,5,8,black,lay,short
18839,black,1.0,6,6,5,2,0,black,doc,short
17699,black,0.0,6,5,4,2,0,white,doc,long
9577,black,0.0,5,5,1,7,0,black,lay,short
12046,black,1.0,5,5,5,3,0,black,doc,short
8819,white,1.0,4,1,4,4,4,white,doc,short
9080,white,1.0,4,5,5,7,2,white,doc,short
8806,white,0.0,5,1,1,2,8,white,doc,short
8439,white,0.0,5,5,5,1,0,white,doc,short
18211,black,0.0,1,1,1,2,0,black,lay,short
15350,black,1.0,5,5,6,3,1,white,doc,short
15407,white,0.0,6,5,5,6,4,black,doc,short
12115,black,1.0,6,4,6,1,0,white,doc,long
9743,black,1.0,1,1,1,1,8,white,doc,short
9231,black,1.0,1,5,5,4,5,black,lay,short
10344,white,0.0,5,5,5,3,0,black,doc,short
10814,white,1.0,6,6,6,1,2,white,doc,short
11135,white,0.0,5,4,6,4,2,white,doc,short
10162,white,1.0,1,1,1,1,2,white,doc,short
14832,black,0.0,7,5,5,3,0,white,doc,short
19669,black,1.0,4,4,4,1,0,black,lay,short
19086,black,1.0,1,1,5,3,0,white,doc,short
17375,white,0.0,5,5,1,2,0,black,doc,short
8417,white,1.0,6,5,5,6,3,black,doc,short
19199,white,1.0,4,4,4,1,5,white,doc,short
14137,black,0.0,5,1,7,1,0,white,doc,short
11329,white,0.0,4,4,4,7,3,black,doc,short
17578,white,0.0,5,5,5,10,0,black,doc,short
11369,black,1.0,5,1,1,2,0,white,doc,long
9284,white,1.0,1,1,1,6,5,black,doc,short
17604,black,1.0,6,5,6,1,0,white,doc,short
15444,white,0.0,6,5,4,4,0,white,doc,short
10202,white,1.0,1,4,4,3,1,black,doc,short
11019,white,1.0,5,5,5,7,0,black,doc,short
12057,black,1.0,5,5,5,2,5,white,doc,short
18313,white,0.0,5,5,5,4,0,white,doc,short
17958,white,0.0,5,5,5,8,2,black,doc,short
12857,black,1.0,1,1,1,3,10,white,doc,long
8401,white,0.0,5,5,5,1,3,white,doc,short
12079,black,1.0,7,6,1,1,10,white,doc,long
13188,white,0.0,1,1,1,1,0,black,doc,short
8887,white,1.0,5,5,4,8,3,black,doc,short
9535,white,1.0,4,4,5,6,0,black,doc,short
19398,black,0.0,6,5,4,6,0,black,doc,short
8805,black,1.0,6,5,6,4,0,white,doc,long
15421,white,0.0,1,1,4,2,1,white,doc,short
18045,black,0.0,6,1,1,6,0,black,doc,short
16064,black,0.0,1,1,1,1,0,black,lay,short
19449,black,0.0,5,5,5,2,3,white,doc,short
14901,black,0.0,7,7,5,3,6,white,doc,short
12416,black,1.0,4,4,5,3,5,white,doc,long
18750,black,0.0,6,6,6,2,0,white,doc,long
14123,black,1.0,7,6,5,8,2,white,doc,long
12453,black,1.0,7,7,6,5,0,white,doc,short
18122,black,1.0,4,4,6,4,5,white,doc,short
19364,white,0.0,5,5,6,8,2,white,doc,short
9927,black,0.0,7,7,7,5,0,black,doc,short
9048,white,1.0,5,4,6,7,5,black,doc,short
11056,white,1.0,5,5,7,7,2,black,doc,short
8827,black,1.0,5,4,4,11,0,black,lay,short
19132,white,0.0,5,5,6,4,3,black,doc,short
11444,white,0.0,5,6,6,4,7,black,doc,short
10416,black,1.0,5,4,7,1,0,black,lay,short
11291,white,0.0,7,7,6,8,2,black,doc,short
9430,white,1.0,6,6,6,9,8,black,doc,short
11452,black,1.0,5,5,5,2,0,white,doc,long
17692,black,1.0,5,5,6,7,0,black,lay,short
8852,white,1.0,6,5,4,8,3,black,doc,short
12925,black,0.0,1,1,5,6,3,black,lay,short
11107,white,1.0,4,4,5,6,4,white,doc,short
14132,black,1.0,5,5,6,4,1,black,lay,short
8809,white,0.0,7,7,7,3,0,black,doc,short
17782,white,0.0,5,5,5,1,3,black,doc,short
9176,white,0.0,1,6,6,6,3,white,doc,short
14205,black,0.0,5,5,6,3,5,black,doc,short
10306,white,1.0,6,4,4,1,4,white,doc,short
10992,white,0.0,5,5,4,3,1,black,doc,short
8454,white,0.0,6,6,6,2,5,white,doc,short
11532,black,0.0,6,5,6,4,6,white,doc,long
9536,white,1.0,1,1,5,2,6,white,doc,short
11170,black,1.0,1,1,1,1,0,black,doc,short
15039,white,1.0,5,5,1,2,0,white,doc,short
20431,white,1.0,6,5,5,9,2,white,doc,short
20251,black,1.0,7,5,5,1,0,black,doc,short
15690,black,0.0,6,6,6,6,0,black,doc,short
19511,black,1.0,5,5,5,1,5,black,lay,short
14051,black,1.0,5,5,5,1,0,black,lay,short
8886,white,0.0,5,5,6,10,7,white,doc,short
20354,white,0.0,5,5,6,6,1,black,doc,short
9990,black,0.0,5,5,5,7,1,black,lay,short
12653,black,0.0,1,1,1,1,0,black,lay,short
18183,black,0.0,5,5,1,11,5,white,doc,short
13817,black,1.0,7,7,7,11,0,black,doc,short
18781,black,1.0,5,5,4,7,0,white,doc,long
18438,white,1.0,5,6,1,9,0,white,doc,short
13202,black,0.0,5,1,7,3,3,white,doc,short
8074,black,1.0,6,6,4,7,0,black,doc,short
20319,white,1.0,5,1,5,11,3,black,doc,short
8857,black,1.0,5,5,7,7,0,white,doc,short
18966,black,0.0,6,4,4,2,0,white,doc,long
9574,white,0.0,5,5,5,4,0,white,doc,short
10884,white,1.0,6,6,6,8,3,black,doc,short
17982,black,1.0,5,5,1,2,6,black,lay,short
8356,white,0.0,5,5,6,4,5,white,doc,short
11026,white,0.0,6,6,7,4,10,white,doc,short
13212,white,0.0,5,6,6,2,5,white,doc,short
10241,white,0.0,6,6,6,7,4,black,doc,short
19200,white,0.0,6,5,6,5,4,black,doc,short
18827,black,1.0,6,5,5,1,0,white,doc,short
20079,black,1.0,6,6,5,4,0,white,doc,long
15945,black,0.0,7,7,7,11,0,white,doc,short
8969,white,1.0,6,6,6,5,7,black,doc,short
8541,white,0.0,6,7,6,6,1,black,doc,short
14762,black,0.0,5,7,5,2,6,white,doc,short
13790,black,0.0,5,6,6,2,0,black,doc,short
20047,black,0.0,7,5,6,3,0,black,doc,short
20374,black,0.0,6,6,6,2,4,black,lay,short
19687,black,1.0,7,7,7,1,2,black,doc,short
8686,white,0.0,7,7,7,3,5,black,doc,short
18994,black,1.0,4,6,6,3,0,black,lay,short
8685,white,1.0,6,4,5,5,4,black,doc,short
14078,black,0.0,6,6,6,2,0,black,doc,short
18022,black,0.0,5,5,5,3,4,black,doc,short
15549,white,1.0,5,5,5,8,2,black,doc,short
14052,black,0.0,6,5,6,3,3,white,doc,long
10038,black,0.0,6,6,6,4,2,white,doc,long
11492,white,1.0,6,5,6,4,0,white,doc,short
12784,black,1.0,5,5,5,4,0,white,doc,short
12411,black,1.0,5,5,7,1,10,black,lay,short
15751,black,0.0,6,4,6,1,3,black,lay,short
8374,white,0.0,5,5,6,9,5,black,doc,short
19427,black,0.0,6,6,6,2,0,black,doc,short
8187,white,1.0,5,5,5,1,0,black,doc,short
12211,black,1.0,7,7,7,1,1,white,doc,long
13633,black,0.0,7,6,6,4,3,white,doc,short
11927,black,0.0,5,5,6,1,0,black,lay,short
8934,white,0.0,5,5,5,7,2,white,doc,short
13640,black,0.0,7,7,7,3,1,white,doc,long
15440,black,0.0,6,6,5,5,0,black,lay,short
12585,black,1.0,6,6,7,1,0,black,lay,short
19131,white,1.0,7,7,7,7,5,white,doc,short
8826,black,0.0,5,6,7,8,3,black,lay,short
19732,black,0.0,7,7,7,2,0,white,doc,long
9860,black,0.0,4,5,5,3,2,black,lay,short
17995,black,1.0,6,6,5,8,0,white,doc,short
10799,white,1.0,7,6,5,6,0,black,doc,short
9507,white,0.0,7,7,7,6,7,black,doc,short
16210,black,0.0,7,7,5,3,4,white,doc,long
9866,black,0.0,5,5,5,1,0,white,doc,short
20061,black,1.0,4,5,5,6,3,white,doc,short
18465,black,0.0,6,6,5,1,5,white,doc,short
18678,black,1.0,6,6,4,1,1,black,lay,short
15786,black,0.0,5,5,5,5,0,black,doc,short
20179,black,0.0,7,7,7,4,1,white,doc,long
12287,black,1.0,6,6,6,3,4,white,doc,long
16974,black,0.0,5,5,6,3,3,white,doc,long
16243,white,1.0,5,5,6,11,0,black,doc,short
20467,black,0.0,5,5,5,3,0,white,doc,short
15681,black,1.0,6,6,6,2,0,white,doc,long
11008,white,0.0,6,6,7,5,9,white,doc,short
12159,black,0.0,1,1,6,4,0,white,doc,short
13072,black,0.0,6,6,4,1,5,black,lay,short
16128,black,1.0,6,5,7,8,2,white,doc,short
19283,white,0.0,5,7,7,2,0,black,doc,short
13101,black,1.0,7,7,7,1,0,black,lay,short
10665,white,0.0,5,5,6,5,5,black,doc,short
9416,white,0.0,5,5,6,4,5,white,doc,short
20386,black,0.0,5,6,6,3,0,black,doc,short
15739,black,0.0,5,5,6,4,8,white,doc,long
11103,black,0.0,7,7,7,4,0,white,doc,short
20292,white,0.0,5,7,7,2,5,white,doc,short
8510,white,0.0,6,5,6,2,0,white,doc,short
9075,black,0.0,5,5,7,7,6,black,doc,short
12877,black,1.0,7,7,7,2,3,white,doc,short
10900,white,1.0,7,7,7,3,2,black,doc,short
13014,black,1.0,7,7,7,4,1,black,doc,short
9422,black,0.0,5,6,6,3,2,black,doc,short
12954,black,1.0,5,4,6,7,2,black,doc,short
10238,white,1.0,5,4,5,2,2,black,doc,short
15442,white,1.0,5,5,5,2,0,black,doc,short
11790,black,1.0,5,4,5,6,1,white,doc,long
12568,black,1.0,7,5,5,3,0,white,doc,long
11857,black,0.0,5,1,7,7,0,black,doc,short
9017,white,1.0,6,5,5,3,4,black,doc,short
11776,black,0.0,5,6,6,3,2,white,doc,long
10705,white,0.0,1,1,1,5,3,black,doc,short
14685,black,0.0,4,4,5,8,3,black,lay,short
8818,white,1.0,5,5,4,6,3,white,doc,short
17880,white,1.0,4,1,4,8,0,black,doc,short
13890,black,1.0,5,5,6,2,3,white,doc,short
15570,white,1.0,5,5,6,3,3,black,doc,short
17364,white,1.0,5,5,5,2,0,white,doc,short
10950,white,1.0,6,5,5,3,3,white,doc,short
18570,black,1.0,6,1,6,4,0,white,doc,long
8829,white,1.0,4,4,6,6,2,white,doc,short
9320,black,0.0,5,5,5,3,0,white,doc,long
8420,white,1.0,5,5,5,8,5,black,doc,short
11410,white,1.0,5,5,6,3,1,white,doc,short
9058,white,1.0,5,5,5,7,0,white,doc,short
8581,white,1.0,6,5,1,2,0,black,doc,short
13399,white,1.0,5,5,6,3,4,black,doc,short
14666,black,1.0,5,1,6,6,0,black,doc,short
8185,white,0.0,4,4,5,5,1,white,doc,short
10160,white,0.0,5,4,5,8,5,black,doc,short
12892,black,1.0,7,7,7,1,1,white,doc,long
8668,black,1.0,6,6,6,6,5,black,doc,short
8328,white,0.0,7,7,4,4,5,black,doc,short
9604,white,1.0,5,5,5,2,5,white,doc,short
9579,white,1.0,5,5,5,3,1,white,doc,short
12456,black,0.0,4,4,4,1,0,black,doc,short
19791,black,0.0,5,5,5,11,0,black,doc,short
13416,white,1.0,7,7,7,8,2,white,doc,short
9123,black,1.0,6,6,6,5,2,white,doc,short
12694,black,1.0,5,5,6,3,5,black,lay,short
15090,black,0.0,7,7,7,4,5,white,doc,long
8607,white,1.0,5,6,7,6,5,white,doc,short
20126,black,0.0,5,6,4,11,0,white,doc,short
17380,white,1.0,6,6,6,3,2,black,doc,short
9584,white,0.0,6,6,6,4,3,black,doc,short
8241,white,1.0,5,4,6,3,5,white,doc,short
16398,white,0.0,5,5,7,12,5,black,doc,short
9477,white,1.0,6,6,6,12,7,black,doc,short
8565,white,1.0,5,4,4,5,4,white,doc,short
17655,black,0.0,5,6,7,5,0,black,doc,short
17180,black,0.0,5,5,6,5,1,black,lay,short
8586,white,1.0,1,1,1,7,0,black,doc,short
12427,black,1.0,5,4,6,7,3,black,doc,short
11199,black,0.0,6,6,6,1,0,white,doc,long
10757,white,0.0,6,6,7,3,7,white,doc,short
17069,black,1.0,7,7,6,2,4,white,doc,long
13284,white,1.0,5,5,6,8,3,white,doc,short
8737,white,1.0,7,7,7,8,2,white,doc,short
13373,black,0.0,5,5,5,5,0,black,doc,short
8816,white,0.0,5,6,7,8,5,white,doc,short
18376,black,0.0,7,5,7,11,0,white,doc,long
19689,black,0.0,6,6,6,10,0,white,doc,short
14724,black,0.0,6,7,7,6,0,black,doc,short
10790,white,0.0,5,1,6,3,5,white,doc,short
15696,black,0.0,4,6,6,4,5,black,lay,short
20581,white,1.0,6,6,6,3,4,black,doc,short
8375,white,1.0,5,5,6,7,2,black,doc,short
15228,black,0.0,1,1,6,7,5,black,lay,short
11579,black,0.0,6,6,7,6,9,white,doc,short
10628,white,0.0,7,7,7,9,10,white,doc,short
18189,white,1.0,7,7,6,5,5,black,doc,short
11440,black,0.0,6,4,4,8,0,white,doc,short
8216,white,1.0,5,6,6,3,8,black,doc,short
11522,white,0.0,7,6,5,5,7,white,doc,short
8197,white,0.0,5,5,7,2,1,white,doc,short
8997,white,1.0,7,1,1,2,7,white,doc,short
12995,black,0.0,7,7,5,2,0,black,doc,short
17912,white,1.0,5,5,5,11,5,black,doc,short
9344,white,0.0,1,4,1,2,0,black,doc,short
18909,black,1.0,5,5,5,1,0,white,doc,long
19650,black,1.0,6,4,1,5,2,black,doc,short
18081,black,1.0,5,6,6,3,0,black,doc,short
11290,white,1.0,5,5,6,8,3,white,doc,short
13403,white,0.0,5,4,6,10,3,white,doc,short
17303,white,0.0,1,4,1,6,0,white,doc,short
11783,black,1.0,7,7,7,4,5,black,doc,short
13793,black,0.0,7,5,4,2,0,black,lay,short
8465,white,0.0,6,4,1,1,0,black,doc,short
8398,white,1.0,5,5,5,5,1,white,doc,short
10683,white,1.0,5,4,4,4,0,white,doc,short
8405,white,1.0,5,7,4,4,0,white,doc,short
13435,white,1.0,5,5,5,8,3,black,doc,short
17756,black,0.0,7,7,7,3,0,white,doc,long
19017,black,1.0,6,6,5,5,0,white,doc,short
9600,white,0.0,5,5,6,2,1,black,doc,short
19428,black,1.0,4,4,4,1,0,black,lay,short
8500,white,0.0,5,5,1,6,1,white,doc,short
13988,black,0.0,1,1,5,7,1,black,lay,short
13842,black,1.0,6,6,6,4,5,white,doc,short
8237,white,0.0,1,1,4,5,3,black,doc,short
8483,white,0.0,5,5,5,5,3,black,doc,short
10836,white,0.0,1,4,4,7,2,white,doc,short
18650,black,1.0,5,5,5,2,10,white,doc,long
16042,black,1.0,7,6,4,3,0,black,doc,short
9042,black,1.0,6,6,5,4,5,black,doc,short
14771,black,1.0,1,1,6,7,6,black,lay,short
18548,black,0.0,5,6,5,1,1,black,doc,short
15092,black,0.0,6,6,6,2,5,black,lay,short
20408,white,1.0,7,6,7,4,0,white,doc,short
8588,white,0.0,5,5,5,5,0,white,doc,short
8506,black,0.0,6,6,6,1,0,white,doc,long
18604,black,0.0,6,6,6,7,4,white,doc,long
8865,white,1.0,5,5,5,6,3,white,doc,short
8653,white,0.0,7,7,7,2,7,white,doc,short
10000,black,0.0,5,5,7,3,7,black,doc,short
9404,black,0.0,6,6,6,2,0,black,doc,short
13410,white,0.0,1,5,7,7,5,black,doc,short
15892,black,1.0,4,4,4,2,2,white,doc,short
18931,black,1.0,4,6,1,6,0,black,lay,short
12340,black,0.0,7,6,6,1,0,white,doc,short
13203,white,1.0,7,7,7,4,10,black,doc,short
9886,black,1.0,7,7,7,3,5,black,doc,short
8288,white,1.0,6,5,6,2,0,white,doc,short
20066,black,0.0,6,6,6,1,3,black,doc,short
18902,black,1.0,5,5,7,2,0,black,lay,short
8542,white,1.0,6,5,6,3,3,white,doc,short
13852,black,1.0,6,6,6,5,0,white,doc,short
10801,white,1.0,5,5,5,3,5,white,doc,short
20375,white,0.0,7,7,7,2,2,white,doc,short
10784,white,1.0,6,6,6,1,2,white,doc,short
9374,white,0.0,7,7,7,2,6,white,doc,short
11723,black,0.0,4,4,5,4,0,black,lay,short
8999,black,0.0,4,5,6,3,8,black,lay,short
11504,black,0.0,7,7,7,4,4,white,doc,short
11880,black,0.0,7,7,7,3,10,white,doc,short
12687,black,0.0,5,5,6,7,0,white,doc,short
10304,white,0.0,6,6,6,3,7,black,doc,short
14495,black,1.0,6,6,6,11,0,white,doc,short
10661,white,0.0,5,5,5,5,2,black,doc,short
20257,black,1.0,5,5,4,4,0,black,lay,short
20010,black,0.0,7,7,4,4,0,white,doc,long
11086,white,0.0,5,4,5,1,2,white,doc,short
15538,white,1.0,5,5,5,5,2,black,doc,short
15713,black,1.0,1,4,5,1,0,black,lay,short
10237,white,0.0,5,5,5,8,5,white,doc,short
19786,black,1.0,5,1,5,3,0,black,lay,short
13461,black,0.0,1,1,5,3,5,black,lay,short
10069,black,0.0,6,6,6,6,2,black,lay,short
11293,white,1.0,5,5,5,2,1,black,doc,short
20121,black,1.0,6,6,5,3,2,black,doc,short
12615,black,0.0,6,6,6,3,4,white,doc,long
9622,white,1.0,6,5,5,5,0,black,doc,short
19547,black,1.0,1,1,5,1,7,black,lay,short
11680,black,1.0,7,7,7,3,10,white,doc,long
12264,black,1.0,6,6,7,1,10,black,doc,short
10294,white,1.0,6,6,6,11,2,white,doc,short
15428,white,1.0,5,4,4,6,5,black,doc,short
14091,black,0.0,7,5,5,1,0,white,doc,short
15300,black,0.0,5,5,6,4,5,black,lay,short
18938,black,0.0,6,5,6,1,2,black,doc,short
15005,black,1.0,6,5,5,5,0,white,doc,long
11372,white,1.0,5,5,7,6,5,white,doc,short
8220,white,1.0,4,1,5,11,5,black,doc,short
13332,black,0.0,1,4,7,5,1,black,doc,short
13597,black,1.0,5,4,1,5,0,black,doc,short
18783,black,1.0,7,7,7,6,0,black,lay,short
14206,black,0.0,5,4,5,2,0,white,doc,long
11654,black,0.0,6,7,4,1,3,black,doc,short
20631,white,1.0,6,6,6,3,0,white,doc,short
11009,white,0.0,5,5,6,6,4,black,doc,short
8457,white,0.0,6,1,5,1,2,black,doc,short
10590,white,0.0,6,5,5,3,0,black,doc,short
12538,black,0.0,5,5,6,1,0,black,doc,short
13381,white,1.0,5,5,7,5,0,white,doc,short
15465,black,1.0,4,1,5,1,0,black,lay,short
18188,white,0.0,5,6,7,1,4,white,doc,short
9530,white,1.0,4,1,5,6,1,white,doc,short
9560,black,0.0,1,1,1,3,0,white,doc,long
19288,white,1.0,5,5,5,1,0,white,doc,short
14827,black,1.0,1,1,1,6,0,black,doc,short
15810,black,1.0,1,5,5,1,0,black,lay,short
11963,black,0.0,5,1,5,9,5,black,doc,short
19222,white,1.0,7,5,7,2,0,black,doc,short
17397,white,0.0,5,5,5,3,0,white,doc,short
9433,black,1.0,6,5,5,5,2,white,doc,short
9454,white,0.0,5,6,7,2,5,white,doc,short
8905,white,0.0,5,4,6,4,1,black,doc,short
12992,black,1.0,5,4,5,7,0,black,doc,short
17764,white,0.0,5,5,5,5,0,white,doc,short
19223,white,0.0,6,6,6,4,0,white,doc,short
17819,black,0.0,1,1,1,6,6,black,doc,short
19251,white,1.0,4,4,6,5,2,white,doc,short
14160,black,1.0,7,7,7,5,2,black,doc,short
8901,black,0.0,6,6,6,8,0,black,lay,short
13242,white,0.0,5,7,1,3,1,black,doc,short
16004,black,0.0,7,7,5,2,1,white,doc,long
15700,black,1.0,7,7,7,1,3,white,doc,short
10426,white,0.0,6,6,6,8,2,white,doc,short
11267,white,0.0,5,5,5,6,2,black,doc,short
10961,white,1.0,6,6,5,4,3,black,doc,short
11547,black,0.0,5,5,4,6,6,black,lay,short
8779,white,1.0,4,4,4,4,0,white,doc,short
11104,white,0.0,5,6,5,11,4,black,doc,short
17975,black,1.0,5,5,6,4,2,black,lay,short
16615,white,1.0,5,5,4,2,3,black,doc,short
16098,black,1.0,5,5,6,1,2,white,doc,long
19723,black,1.0,6,6,4,2,0,black,lay,short
12222,black,1.0,6,6,6,1,5,white,doc,long
17818,white,1.0,5,5,5,1,0,black,doc,short
11697,black,0.0,5,6,5,1,0,black,doc,short
20101,black,1.0,7,6,5,6,0,white,doc,long
10246,white,1.0,6,6,6,3,0,white,doc,short
10952,white,0.0,5,5,6,2,5,black,doc,short
11971,black,0.0,4,1,4,2,8,white,doc,long
10477,white,1.0,4,4,5,3,2,white,doc,short
18643,black,1.0,1,1,1,2,0,white,doc,long
19734,black,0.0,6,6,5,3,3,white,doc,short
11715,black,0.0,7,5,6,5,0,white,doc,long
15811,black,1.0,7,5,5,1,0,white,doc,long
13575,black,1.0,6,6,6,1,7,black,lay,short
20304,black,1.0,6,6,5,6,0,black,doc,short
17300,white,0.0,7,6,6,3,0,black,doc,short
8161,black,1.0,6,6,6,2,2,black,doc,short
11423,white,1.0,6,6,6,6,0,black,doc,short
10291,white,1.0,1,4,7,2,10,black,doc,short
14712,black,1.0,7,7,7,1,0,white,doc,short
8178,white,1.0,5,6,5,7,4,black,doc,short
13271,white,0.0,6,6,6,9,3,black,doc,short
18329,black,0.0,5,5,5,8,0,black,lay,short
19083,black,0.0,6,5,6,9,7,black,doc,short
9117,white,0.0,6,6,6,4,1,white,doc,short
11109,white,1.0,6,6,5,3,4,black,doc,short
18882,black,0.0,6,5,4,4,0,white,doc,short
17794,white,0.0,6,6,6,3,1,black,doc,short
20506,black,0.0,5,5,6,6,0,white,doc,long
10798,white,0.0,5,5,5,1,0,black,doc,short
15012,black,0.0,6,6,5,2,0,white,doc,long
17645,white,0.0,5,5,5,5,10,white,doc,short
14689,black,0.0,6,6,6,2,0,white,doc,short
17265,white,1.0,5,5,6,7,2,white,doc,short
16085,black,0.0,6,6,6,6,2,white,doc,long
8378,white,1.0,1,6,5,6,0,black,doc,short
14168,black,1.0,5,5,6,3,4,white,doc,short
12893,black,1.0,5,5,5,4,1,black,lay,short
11326,white,1.0,5,6,6,4,0,white,doc,short
20716,black,0.0,6,6,6,8,3,white,doc,short
8982,white,0.0,5,6,5,3,5,black,doc,short
10430,white,1.0,5,5,6,7,5,black,doc,short
14343,black,1.0,5,5,6,2,1,white,doc,long
14018,black,1.0,5,5,5,5,0,white,doc,short
8232,white,1.0,7,7,7,2,5,black,doc,short
8238,white,1.0,6,6,6,5,2,white,doc,short
19226,white,0.0,6,5,6,2,0,black,doc,short
10936,black,0.0,7,7,7,4,0,black,lay,short
13788,black,0.0,7,7,5,7,3,white,doc,long
10355,white,0.0,6,6,6,8,5,black,doc,short
19311,white,1.0,6,5,5,4,0,black,doc,short
16634,white,0.0,5,5,5,7,0,white,doc,short
13999,black,1.0,6,6,7,8,3,white,doc,long
17749,white,1.0,5,5,5,6,5,black,doc,short
15762,black,1.0,7,6,6,2,6,black,doc,short
20351,black,0.0,5,5,1,4,2,black,doc,short
14856,black,1.0,5,5,1,2,2,black,doc,short
14634,black,1.0,5,6,6,8,2,black,lay,short
9110,black,1.0,4,4,4,4,7,black,lay,short
8430,black,0.0,5,5,1,2,0,black,lay,short
15833,black,1.0,7,7,7,10,10,white,doc,short
11197,black,0.0,5,6,5,3,0,white,doc,short
17040,white,1.0,7,7,6,4,5,white,doc,short
15863,black,0.0,7,6,5,5,10,white,doc,long
16148,black,1.0,1,5,5,8,0,black,lay,short
13901,black,0.0,6,5,6,2,0,black,doc,short
9349,white,1.0,5,4,4,8,3,white,doc,short
18624,black,1.0,6,5,5,7,5,black,doc,short
13269,white,1.0,6,6,5,3,3,black,doc,short
9053,black,1.0,6,6,6,7,5,black,doc,short
15455,black,1.0,5,5,5,3,0,black,lay,short
18901,black,0.0,5,6,6,11,5,white,doc,long
9054,white,1.0,5,4,6,2,4,black,doc,short
19140,white,1.0,7,7,1,7,0,white,doc,short
10734,white,1.0,5,5,6,4,1,black,doc,short
16968,black,0.0,7,5,4,1,0,white,doc,long
8446,black,0.0,5,5,6,6,1,white,doc,short
8309,white,0.0,1,1,1,8,0,white,doc,short
13012,white,0.0,6,6,5,12,3,white,doc,short
11243,white,1.0,6,6,6,4,2,black,doc,short
10594,white,1.0,5,5,4,3,0,white,doc,short
10917,white,1.0,5,5,6,3,5,white,doc,short
17829,white,1.0,5,5,5,6,0,white,doc,short
17428,white,1.0,6,6,6,3,3,white,doc,short
20715,black,1.0,5,5,5,3,0,black,doc,short
15437,white,1.0,7,5,1,3,0,black,doc,short
13112,black,1.0,5,5,5,1,4,white,doc,long
20434,white,1.0,6,6,6,6,3,white,doc,short
8230,white,1.0,5,4,1,1,0,white,doc,short
11583,black,1.0,4,5,4,11,1,black,lay,short
8324,white,1.0,6,6,1,2,0,black,doc,short
9452,white,1.0,4,5,5,3,3,white,doc,short
12149,black,0.0,6,6,6,1,4,white,doc,short
14608,black,0.0,6,5,7,2,7,white,doc,short
16134,black,1.0,6,6,6,11,4,black,doc,short
19575,black,0.0,7,7,5,6,7,black,doc,short
14654,black,1.0,5,5,4,3,3,black,lay,short
17082,white,0.0,6,6,4,1,5,black,doc,short
9435,white,0.0,6,6,6,4,2,black,doc,short
9409,white,1.0,7,7,7,3,0,white,doc,short
12870,black,0.0,6,6,6,5,0,black,lay,short
15441,white,0.0,6,6,6,4,4,white,doc,short
18904,black,0.0,4,6,5,7,0,black,lay,short
8198,black,0.0,7,7,7,2,8,white,doc,short
12798,black,0.0,5,6,5,2,4,black,lay,short
8364,white,0.0,5,7,7,4,6,white,doc,short
8391,white,0.0,7,7,7,3,1,white,doc,short
14739,black,0.0,5,5,7,5,0,black,lay,short
8402,black,1.0,5,7,6,3,7,black,lay,short
16485,white,0.0,5,5,6,2,2,black,doc,short
8949,white,0.0,6,6,5,3,2,white,doc,short
11278,white,0.0,6,7,7,3,7,white,doc,short
8387,white,1.0,6,6,6,8,6,white,doc,short
15269,black,1.0,5,5,5,3,0,white,doc,long
12764,black,1.0,6,7,5,4,1,black,doc,short
9578,white,1.0,5,5,5,3,0,black,doc,short
20464,white,1.0,6,6,6,2,0,white,doc,short
20553,white,1.0,5,5,5,2,0,white,doc,short
10657,white,1.0,7,7,7,2,8,white,doc,short
11137,black,1.0,6,6,6,8,8,white,doc,long
12420,black,0.0,5,4,4,3,1,white,doc,long
20110,black,0.0,1,1,1,3,0,white,doc,short
19180,white,0.0,7,6,6,1,2,black,doc,short
20312,black,0.0,5,5,6,6,1,white,doc,short
13322,black,1.0,4,4,4,7,0,white,doc,long
15259,black,0.0,5,5,5,5,4,black,lay,short
8350,white,0.0,5,5,4,5,1,white,doc,short
18927,black,0.0,6,6,6,5,7,black,doc,short
18864,black,0.0,7,5,6,4,0,white,doc,long
15109,white,1.0,5,5,6,3,2,white,doc,short
8491,white,1.0,5,5,7,7,1,white,doc,short
8772,black,1.0,1,7,7,1,10,black,lay,short
8369,white,0.0,6,6,5,3,5,black,doc,short
17416,white,1.0,7,7,4,3,5,black,doc,short
18171,white,1.0,5,6,6,1,4,black,doc,short
19589,black,1.0,5,5,6,1,5,black,doc,short
13814,black,1.0,6,7,7,1,0,black,doc,short
10270,white,1.0,1,1,1,3,2,black,doc,short
20635,black,0.0,1,5,5,11,0,white,doc,long
14879,black,0.0,1,1,5,1,0,black,lay,short
12335,black,1.0,6,5,5,2,0,black,doc,short
8173,white,0.0,5,5,6,6,5,white,doc,short
14478,black,0.0,6,6,5,4,5,white,doc,short
9566,white,1.0,6,6,7,5,6,black,doc,short
8480,white,0.0,6,6,6,8,3,white,doc,short
15271,black,0.0,6,5,6,4,4,black,lay,short
11754,black,0.0,6,6,4,1,6,black,lay,short
18855,black,1.0,6,5,6,1,6,black,doc,short
8636,white,0.0,6,6,7,11,3,black,doc,short
20459,white,1.0,6,6,6,4,2,white,doc,short
9163,black,1.0,5,6,5,1,1,white,doc,short
10198,white,0.0,5,5,5,3,1,black,doc,short
13772,black,1.0,4,5,5,5,0,white,doc,short
9173,black,1.0,6,5,5,2,0,white,doc,short
9207,white,1.0,5,5,5,2,5,black,doc,short
10545,white,1.0,5,6,5,3,0,white,doc,short
16335,black,0.0,1,6,5,1,8,white,doc,short
18728,black,1.0,5,5,4,6,2,black,doc,short
11413,black,0.0,5,5,5,8,2,white,doc,long
19451,black,1.0,1,1,1,1,0,black,lay,short
8913,white,1.0,6,6,6,12,2,black,doc,short
16216,white,0.0,5,1,5,3,1,black,doc,short
10681,black,0.0,7,7,7,3,10,black,doc,short
14698,black,1.0,1,1,1,2,0,black,doc,short
20123,black,1.0,5,6,5,1,0,black,doc,short
8684,black,1.0,6,6,7,3,5,white,doc,short
9308,black,0.0,5,5,5,1,6,black,lay,short
19733,black,1.0,5,6,5,2,5,black,doc,short
18717,black,1.0,6,7,6,1,0,black,lay,short
16339,white,0.0,6,6,6,5,4,white,doc,short
18799,black,0.0,6,6,5,4,0,black,doc,short
16922,black,1.0,7,7,7,6,3,white,doc,short
8244,white,0.0,5,5,5,2,5,black,doc,short
8478,white,1.0,6,6,5,8,1,black,doc,short
9061,black,1.0,6,6,6,6,9,white,doc,long
17159,black,0.0,4,5,6,2,3,white,doc,short
19501,black,1.0,4,4,4,5,2,black,doc,short
8804,black,0.0,7,7,7,3,10,black,lay,short
11956,black,1.0,6,6,7,3,5,black,doc,short
10275,white,1.0,6,6,5,5,1,black,doc,short
13412,white,0.0,6,6,6,8,2,white,doc,short
17229,black,1.0,5,5,6,5,5,black,lay,short
17148,black,1.0,7,6,6,1,0,black,lay,short
19926,black,1.0,6,5,6,3,0,white,doc,long
18340,white,0.0,6,6,6,3,9,white,doc,short
18987,black,0.0,5,5,6,12,0,black,doc,short
11881,black,0.0,5,5,1,1,0,white,doc,short
13643,black,1.0,5,5,4,3,0,white,doc,short
20324,white,0.0,6,5,5,5,4,black,doc,short
13675,black,1.0,5,4,6,6,5,black,lay,short
8496,white,1.0,6,5,6,4,7,black,doc,short
19305,white,0.0,5,5,5,2,2,white,doc,short
15506,black,0.0,5,5,5,1,0,black,doc,short
15423,white,0.0,5,5,5,2,0,white,doc,short
16009,white,1.0,5,5,5,8,3,white,doc,short
20040,black,0.0,4,4,5,1,0,black,lay,short
14877,black,1.0,4,6,4,1,5,white,doc,long
8879,black,1.0,6,6,5,3,8,white,doc,short
16083,black,1.0,5,5,5,1,6,white,doc,long
17753,white,1.0,6,6,4,2,2,white,doc,short
8403,black,0.0,7,7,7,7,6,white,doc,long
17890,black,1.0,5,5,7,7,9,black,lay,short
16144,black,1.0,4,5,6,1,1,white,doc,short
14226,black,1.0,5,4,4,3,0,black,lay,short
17742,white,1.0,7,6,6,3,3,white,doc,short
8261,white,1.0,5,4,6,3,1,black,doc,short
19509,black,0.0,1,1,1,1,0,white,doc,long
8828,white,1.0,6,6,6,2,9,black,doc,short
15429,black,1.0,5,5,5,2,4,black,lay,short
8760,black,1.0,6,6,6,4,2,white,doc,long
14745,black,0.0,6,6,6,8,2,black,lay,short
14366,black,1.0,1,4,5,4,0,black,lay,short
9620,white,0.0,5,5,5,12,0,white,doc,short
14494,black,0.0,5,4,1,2,0,black,lay,short
13293,white,0.0,6,5,5,1,2,white,doc,short
8523,white,1.0,5,6,7,6,2,white,doc,short
12853,black,0.0,7,7,7,1,1,black,doc,short
11932,black,0.0,4,6,6,3,4,black,lay,short
8808,white,1.0,5,6,6,1,2,black,doc,short
12139,black,1.0,4,5,6,1,1,black,lay,short
15899,black,0.0,5,5,5,2,0,white,doc,short
20365,white,0.0,7,6,5,2,2,black,doc,short
13622,black,1.0,6,7,7,6,2,black,doc,short
14668,black,1.0,6,7,6,1,9,black,doc,short
11610,black,0.0,7,7,6,8,0,black,lay,short
9300,white,1.0,5,5,5,4,5,black,doc,short
20132,black,0.0,5,5,6,4,0,white,doc,long
13505,black,1.0,5,5,5,2,4,white,doc,short
8539,white,0.0,7,7,7,6,6,black,doc,short
15671,black,1.0,5,6,5,9,5,white,doc,long
20352,white,1.0,6,6,6,9,2,white,doc,short
8993,black,0.0,6,6,6,8,1,black,doc,short
19098,black,1.0,5,5,5,2,0,white,doc,short
15722,black,0.0,7,5,5,1,0,white,doc,long
8377,white,0.0,6,6,4,3,0,white,doc,short
9022,white,1.0,6,6,7,8,5,black,doc,short
9707,white,1.0,6,5,6,1,3,black,doc,short
12255,black,0.0,6,6,4,8,0,white,doc,short
11515,white,1.0,5,7,7,5,4,black,doc,short
8379,white,0.0,4,4,4,7,0,black,doc,short
19162,white,1.0,7,6,6,3,7,black,doc,short
14917,black,0.0,6,7,6,3,3,black,lay,short
15748,black,1.0,7,7,7,4,4,white,doc,short
16793,black,0.0,6,6,6,1,1,white,doc,short
20064,black,0.0,5,6,6,1,6,black,lay,short
19653,black,0.0,5,5,6,4,5,white,doc,long
11123,black,0.0,4,5,6,4,2,black,lay,short
10658,white,1.0,7,6,7,4,4,white,doc,short
14531,black,1.0,4,6,4,6,1,black,lay,short
10205,white,0.0,1,1,4,3,3,white,doc,short
16523,white,1.0,6,6,6,6,3,black,doc,short
19232,white,0.0,5,6,5,3,6,black,doc,short
9227,black,1.0,4,5,6,4,0,black,lay,short
11925,black,1.0,5,5,6,2,0,white,doc,short
19462,black,0.0,4,1,5,1,7,white,doc,short
17887,black,0.0,6,5,6,3,0,black,lay,short
9601,white,0.0,5,5,5,11,0,black,doc,short
9427,white,1.0,7,7,7,3,0,black,doc,short
10743,white,1.0,5,5,5,5,0,black,doc,short
12281,black,0.0,6,7,6,3,1,black,doc,short
10466,white,1.0,5,6,7,5,3,white,doc,short
17980,black,1.0,5,5,7,1,5,black,lay,short
13773,black,1.0,5,5,5,4,0,white,doc,short
14072,black,0.0,5,5,5,1,0,black,lay,short
11992,black,1.0,7,7,7,1,5,black,doc,short
12703,black,0.0,7,7,7,11,7,black,doc,short
8107,black,0.0,7,7,7,1,1,black,lay,short
9159,black,1.0,6,5,4,1,3,black,doc,short
9605,black,0.0,7,7,5,1,5,black,doc,short
16185,black,0.0,5,6,6,1,3,black,lay,short
20493,white,0.0,6,6,6,11,0,white,doc,short
14204,black,0.0,6,6,6,6,1,black,lay,short
10630,white,1.0,5,5,6,7,4,black,doc,short
14270,black,1.0,7,5,4,1,0,black,doc,short
11705,black,1.0,5,6,5,1,0,black,lay,short
15111,black,0.0,7,7,7,1,10,black,doc,short
9089,black,0.0,7,7,7,5,1,white,doc,long
9711,black,0.0,4,4,6,2,10,white,doc,long
17093,black,0.0,5,5,5,2,0,black,doc,short
13449,black,1.0,5,4,6,1,0,black,lay,short
16415,white,1.0,6,7,7,6,3,white,doc,short
15990,black,0.0,6,6,4,2,0,white,doc,long
20455,white,0.0,5,5,5,1,0,black,doc,short
13521,black,0.0,1,1,1,11,0,white,doc,short
19110,black,0.0,5,6,5,5,0,black,doc,short
11799,black,1.0,6,6,6,7,5,black,lay,short
20584,black,0.0,5,5,5,2,2,white,doc,short
17741,white,0.0,6,6,6,1,0,black,doc,short
12547,black,1.0,7,7,7,1,0,white,doc,long
10454,white,0.0,5,5,5,4,5,white,doc,short
19495,black,0.0,5,5,5,3,0,white,doc,long
8799,black,0.0,5,5,5,1,5,black,lay,short
15356,white,1.0,5,5,5,2,6,white,doc,short
14350,black,0.0,6,6,6,1,0,white,doc,long
17445,white,1.0,6,6,4,6,5,white,doc,short
13700,black,1.0,7,7,7,2,1,black,lay,short
14397,black,0.0,6,6,6,7,0,white,doc,short
8762,white,0.0,6,6,5,3,2,white,doc,short
19516,black,0.0,5,5,5,1,5,white,doc,long
12929,black,0.0,6,6,6,2,0,black,doc,short
8729,white,0.0,6,6,6,8,5,white,doc,short
16050,black,1.0,6,6,6,2,0,white,doc,short
12652,black,0.0,6,7,6,4,1,white,doc,short
13657,black,0.0,7,7,7,4,5,black,doc,short
9599,white,1.0,1,1,1,6,0,white,doc,short
8289,white,0.0,6,6,6,9,4,white,doc,short
16187,black,0.0,7,6,7,2,2,white,doc,short
19395,black,0.0,5,5,6,7,0,white,doc,long
9567,white,0.0,5,5,6,9,4,black,doc,short
8676,black,1.0,5,5,6,1,8,white,doc,short
11494,black,0.0,7,7,7,2,0,white,doc,long
11244,white,0.0,6,6,5,12,1,white,doc,short
9894,black,0.0,5,5,4,8,0,white,doc,short
11325,white,1.0,4,1,4,9,4,black,doc,short
17716,white,1.0,5,5,5,9,0,white,doc,short
14286,black,0.0,1,6,5,2,3,black,doc,short
12197,white,0.0,5,5,5,12,5,white,doc,short
10957,white,1.0,4,4,4,9,2,white,doc,short
15586,white,0.0,5,6,5,5,3,white,doc,short
9810,white,0.0,5,5,5,11,5,black,doc,short
19514,black,1.0,5,5,5,1,0,black,doc,short
8855,black,0.0,6,6,6,5,5,black,lay,short
19574,black,0.0,6,6,6,1,0,white,doc,long
16601,white,0.0,7,7,7,6,2,white,doc,short
11212,white,0.0,6,5,6,3,5,white,doc,short
9358,white,0.0,6,4,4,3,5,white,doc,short
14823,black,0.0,5,5,5,3,7,black,lay,short
15626,black,1.0,5,5,1,4,0,white,doc,long
15436,white,0.0,6,5,4,7,0,black,doc,short
10744,white,0.0,5,5,4,6,2,black,doc,short
13979,black,1.0,5,5,5,10,1,white,doc,short
11030,white,1.0,4,4,5,6,4,black,doc,short
12756,black,1.0,1,1,5,6,0,black,lay,short
18775,black,0.0,6,6,6,4,0,white,doc,short
8260,white,1.0,5,4,4,1,0,black,doc,short
15275,black,1.0,6,5,6,4,8,white,doc,long
11216,black,1.0,6,5,5,3,2,white,doc,short
20310,black,0.0,6,6,6,4,0,black,lay,short
8481,white,1.0,1,1,6,6,1,white,doc,short
9013,white,1.0,5,5,5,2,0,white,doc,short
13735,black,0.0,5,4,6,3,4,black,lay,short
19285,white,0.0,5,5,5,8,7,white,doc,short
14883,black,1.0,5,1,1,4,0,white,doc,short
12593,black,0.0,4,4,1,5,8,white,doc,long
19122,white,1.0,4,5,6,8,7,white,doc,short
8342,black,1.0,6,6,7,3,3,black,doc,short
15870,black,0.0,1,1,1,3,0,white,doc,short
8497,white,0.0,5,5,6,6,2,black,doc,short
20599,white,0.0,5,5,5,3,3,black,doc,short
10381,white,1.0,4,1,6,8,1,black,doc,short
12622,white,1.0,7,5,4,1,5,black,doc,short
14604,black,0.0,6,6,4,3,0,white,doc,long
10342,white,0.0,7,7,7,3,5,black,doc,short
11677,black,1.0,6,7,7,1,10,white,doc,long
20711,black,1.0,6,5,4,4,1,black,lay,short
16206,black,0.0,6,6,6,1,2,black,lay,short
14398,black,1.0,5,5,5,12,5,white,doc,long
14779,black,0.0,4,4,4,2,0,black,lay,short
18913,black,1.0,6,5,5,6,0,white,doc,long
8312,white,1.0,6,6,5,5,2,black,doc,short
13959,black,0.0,6,6,6,8,3,black,lay,short
8914,white,1.0,6,5,6,8,5,white,doc,short
10700,white,0.0,6,6,6,4,4,white,doc,short
17371,black,0.0,5,5,5,10,5,white,doc,long
12919,black,1.0,5,5,5,5,0,white,doc,short
15764,black,1.0,1,1,1,1,0,white,doc,short
8308,white,0.0,1,4,1,4,2,black,doc,short
8732,white,0.0,7,6,5,3,2,black,doc,short
12900,black,1.0,4,5,7,5,4,black,lay,short
19855,black,0.0,1,6,6,1,0,white,doc,short
20597,black,1.0,6,6,6,8,0,white,doc,short
19790,black,1.0,6,6,6,7,4,black,lay,short
8655,black,0.0,5,5,5,2,2,black,lay,short
13320,black,0.0,6,6,6,3,2,white,doc,long
16352,white,1.0,7,6,6,3,6,white,doc,short
17817,white,0.0,5,5,5,6,5,black,doc,short
13303,white,1.0,1,1,1,5,2,white,doc,short
10659,white,1.0,7,5,7,2,7,black,doc,short
13221,white,0.0,1,4,5,10,3,black,doc,short
9562,white,1.0,5,5,4,7,1,white,doc,short
18090,black,0.0,5,5,5,1,0,black,lay,short
9268,white,1.0,6,6,6,1,0,white,doc,short
19289,white,0.0,5,4,4,7,1,black,doc,short
17956,white,1.0,7,7,7,1,5,white,doc,short
8801,black,1.0,5,6,6,4,1,black,doc,short
17937,white,0.0,5,5,1,1,3,white,doc,short
10125,white,0.0,6,6,6,2,5,black,doc,short
20176,black,0.0,6,5,6,1,1,white,doc,long
9316,white,1.0,7,6,6,7,0,white,doc,short
16239,white,0.0,4,4,4,5,6,black,doc,short
11284,black,0.0,6,6,5,4,5,white,doc,short
13724,black,0.0,7,6,6,4,0,white,doc,short
17327,white,0.0,6,5,5,5,2,white,doc,short
8443,white,0.0,5,5,5,1,0,white,doc,short
19572,black,1.0,6,6,6,3,3,white,doc,short
9201,white,0.0,6,6,6,4,2,black,doc,short
9216,black,0.0,5,5,6,3,0,black,doc,short
8950,black,0.0,5,1,5,5,0,white,doc,short
8544,white,0.0,5,4,6,8,2,black,doc,short
9343,black,1.0,6,6,6,4,1,white,doc,short
15508,black,1.0,7,7,5,7,4,white,doc,short
14019,black,1.0,6,5,5,2,5,white,doc,long
13257,white,0.0,7,7,7,1,3,black,doc,short
15251,black,0.0,7,6,6,1,9,black,doc,short
19215,white,0.0,1,1,1,1,0,white,doc,short
13741,black,1.0,6,6,4,1,2,white,doc,long
19016,black,1.0,1,5,7,1,5,white,doc,long
16267,white,1.0,6,6,6,1,1,black,doc,short
14379,black,0.0,6,6,5,4,2,white,doc,long
10401,white,1.0,5,5,5,5,3,white,doc,short
17931,white,1.0,5,5,6,6,2,black,doc,short
13526,black,1.0,4,1,1,1,4,black,lay,short
14339,black,0.0,5,5,5,1,0,black,doc,short
13438,black,1.0,5,5,5,1,0,white,doc,long
12404,black,0.0,5,5,5,2,2,black,doc,short
9057,white,0.0,5,5,5,1,5,white,doc,short
9949,black,0.0,5,4,5,8,5,black,lay,short
11952,black,1.0,6,6,6,4,6,white,doc,short
12160,black,1.0,5,5,5,3,3,black,doc,short
11093,white,0.0,5,5,5,2,0,white,doc,short
13934,black,0.0,1,1,1,1,3,white,doc,short
8358,white,1.0,7,7,5,1,0,black,doc,short
18997,black,1.0,5,5,5,7,5,white,doc,short
9000,white,1.0,5,5,5,11,0,white,doc,short
8898,black,1.0,6,6,6,11,5,white,doc,long
19121,white,0.0,5,4,5,5,0,black,doc,short
17864,white,1.0,5,5,5,3,3,white,doc,short
13098,black,1.0,6,5,6,4,0,white,doc,long
20029,black,0.0,6,6,6,3,0,white,doc,short
13697,black,1.0,5,5,5,1,1,white,doc,long
8392,white,0.0,4,4,4,2,0,black,doc,short
10165,white,1.0,6,6,4,3,3,white,doc,short
10242,white,0.0,5,5,5,4,2,white,doc,short
8410,black,1.0,5,5,5,2,5,black,doc,short
8249,black,0.0,6,6,6,4,0,white,doc,short
9791,black,1.0,4,4,5,6,10,white,doc,short
16612,white,0.0,5,5,5,2,2,white,doc,short
8527,black,1.0,4,4,4,2,0,white,doc,long
13512,black,1.0,6,6,6,4,5,black,lay,short
9059,black,0.0,6,6,6,5,1,black,doc,short
18691,black,0.0,5,5,5,1,5,white,doc,short
8910,black,1.0,5,5,4,4,0,white,doc,long
20295,white,1.0,5,5,5,1,5,black,doc,short
17993,black,0.0,1,1,5,3,0,black,lay,short
16942,black,0.0,1,5,4,3,4,black,doc,short
20136,black,1.0,5,4,5,5,0,black,lay,short
9030,black,0.0,1,1,1,8,5,black,lay,short
11870,black,1.0,4,6,7,3,0,black,lay,short
10526,white,1.0,6,6,5,7,0,black,doc,short
17481,white,0.0,6,6,6,3,3,white,doc,short
18681,black,0.0,5,5,5,5,9,black,doc,short
9055,black,0.0,1,1,5,4,3,black,doc,short
19576,black,0.0,4,1,5,4,0,black,lay,short
9167,white,0.0,5,5,4,5,0,black,doc,short
12595,black,1.0,6,4,1,4,0,white,doc,short
20699,black,0.0,5,1,5,2,7,white,doc,short
18261,black,1.0,4,4,5,5,2,black,lay,short
13531,black,0.0,1,1,1,5,0,black,lay,short
19055,white,1.0,4,4,4,6,6,white,doc,short
13390,white,0.0,5,5,5,7,2,black,doc,short
20152,black,1.0,5,5,5,1,0,black,lay,short
12729,black,1.0,5,5,5,1,0,black,lay,short
9012,black,0.0,5,5,5,3,6,white,doc,short
16529,white,1.0,1,1,1,1,0,white,doc,short
16518,white,0.0,5,5,5,6,0,white,doc,short
17713,white,1.0,1,1,1,4,2,white,doc,short
20373,white,1.0,6,6,5,11,2,black,doc,short
18888,black,1.0,5,5,5,3,0,black,doc,short
17935,black,0.0,5,5,5,1,0,black,doc,short
9526,black,1.0,4,4,5,3,4,white,doc,short
12835,black,0.0,4,4,1,2,5,black,doc,short
20606,black,0.0,4,6,6,1,6,black,doc,short
18668,black,0.0,5,5,5,3,3,black,doc,short
17746,white,0.0,5,5,5,11,5,black,doc,short
20547,black,0.0,5,5,5,4,0,white,doc,long
15625,white,0.0,5,5,5,2,1,black,doc,short
20638,black,0.0,4,4,4,1,0,black,doc,short
14389,black,0.0,5,6,6,8,4,black,doc,short
11189,black,0.0,5,4,5,6,7,white,doc,long
11851,black,0.0,4,4,4,5,0,white,doc,short
9556,white,0.0,5,5,5,2,0,white,doc,short
9361,black,1.0,6,4,1,3,2,white,doc,long
18899,black,1.0,1,1,1,4,0,white,doc,short
9391,black,0.0,5,5,5,2,6,white,doc,long
11144,white,1.0,5,1,5,1,0,white,doc,short
10245,white,0.0,5,5,4,3,0,white,doc,short
15446,white,0.0,5,5,5,2,6,white,doc,short
19009,black,0.0,1,1,4,1,0,black,lay,short
8987,white,0.0,6,6,5,9,3,white,doc,short
11098,white,1.0,1,1,1,7,1,black,doc,short
13757,white,1.0,5,4,6,5,3,black,doc,short
17905,white,1.0,6,5,6,3,0,black,doc,short
11552,black,0.0,6,5,5,3,3,white,doc,long
15716,black,1.0,4,6,4,1,0,black,doc,short
20253,black,0.0,1,1,1,11,0,white,doc,long
18729,black,0.0,5,5,5,4,0,white,doc,short
20277,white,0.0,4,4,4,6,0,white,doc,short
12256,black,1.0,6,6,4,1,0,black,lay,short
15559,black,0.0,1,1,1,6,0,black,lay,short
17408,black,0.0,5,6,6,4,0,white,doc,short
15295,black,0.0,5,4,5,3,6,black,doc,short
16143,black,0.0,1,1,1,1,0,black,doc,short
13718,black,0.0,5,5,5,3,3,black,doc,short
8409,white,0.0,5,5,5,4,4,white,doc,short
11429,white,1.0,5,5,5,4,5,black,doc,short
19144,white,1.0,4,4,4,2,5,black,doc,short
9364,black,0.0,5,5,5,1,0,black,doc,short
20502,white,0.0,5,5,5,1,4,white,doc,short
17038,black,0.0,5,5,5,1,5,black,lay,short
18274,white,1.0,5,5,6,8,0,white,doc,short
13491,black,0.0,4,4,1,5,0,white,doc,short
15449,white,1.0,4,4,4,8,2,black,doc,short
20018,black,1.0,1,1,1,4,0,black,lay,short
10308,black,0.0,5,5,5,8,0,white,doc,short
9495,white,0.0,5,5,4,6,5,white,doc,short
18708,black,0.0,4,4,4,5,8,black,doc,short
12901,black,0.0,4,4,4,1,6,black,lay,short
15969,black,0.0,6,6,4,1,0,white,doc,short
10264,white,1.0,6,7,6,8,9,black,doc,short
11702,black,1.0,6,6,6,1,0,white,doc,long
14003,black,1.0,6,5,6,4,1,black,doc,short
20372,black,1.0,5,5,5,3,0,white,doc,long
15836,black,0.0,5,5,1,11,0,white,doc,long
11405,black,1.0,5,5,5,3,3,white,doc,short
17506,white,1.0,5,5,5,9,3,black,doc,short
14428,black,1.0,7,6,7,1,0,black,doc,short
18780,black,1.0,4,4,4,4,1,black,lay,short
13870,black,1.0,5,5,5,2,0,black,lay,short
12675,black,1.0,1,1,1,1,0,white,doc,short
15977,black,1.0,5,5,5,1,0,white,doc,long
9420,black,1.0,5,1,1,1,0,white,doc,short
8582,black,0.0,7,6,7,7,0,white,doc,short
11286,white,0.0,5,5,1,3,3,black,doc,short
9154,black,0.0,5,5,5,3,3,white,doc,short
20594,black,0.0,7,7,7,11,0,black,doc,short
14414,black,1.0,5,5,5,3,2,black,doc,short
19310,white,1.0,4,4,4,7,2,white,doc,short
9898,black,0.0,5,5,5,4,0,black,doc,short
20558,black,1.0,5,5,5,11,0,black,doc,short
20334,black,0.0,5,5,5,2,0,white,doc,short
13928,black,1.0,6,6,6,6,4,white,doc,long
15045,black,0.0,7,7,7,5,0,black,doc,short
17525,white,0.0,6,5,4,11,2,black,doc,short
8645,white,1.0,6,6,6,7,8,white,doc,short
13335,black,0.0,6,6,5,4,1,white,doc,short
19177,white,0.0,5,5,5,6,0,white,doc,short
10268,black,1.0,4,1,1,11,0,black,doc,short
10356,black,0.0,5,5,6,5,1,black,lay,short
19300,white,1.0,6,7,6,2,0,white,doc,short
13237,white,0.0,5,5,6,2,5,black,doc,short
12945,black,1.0,5,4,5,2,3,white,doc,short
13180,white,1.0,5,1,7,4,1,white,doc,short
14430,black,0.0,6,1,6,2,0,white,doc,long
19639,black,0.0,5,1,1,11,0,white,doc,short
13732,black,0.0,5,5,5,1,5,white,doc,long
9360,black,0.0,4,4,5,1,3,white,doc,long
11436,white,1.0,5,5,5,8,5,white,doc,short
13317,black,0.0,6,6,7,3,4,white,doc,short
20497,white,1.0,1,6,7,1,10,black,doc,short
17732,white,0.0,5,5,5,3,0,white,doc,short
11181,black,1.0,1,5,1,8,6,black,doc,short
17998,black,1.0,5,5,5,1,6,black,doc,short
13352,black,0.0,7,7,7,1,1,white,doc,long
19685,black,1.0,5,4,5,11,2,black,doc,short
13103,black,0.0,5,4,6,2,5,black,doc,short
8634,black,1.0,6,5,7,1,0,black,lay,short
19134,white,0.0,5,5,5,4,0,white,doc,short
15571,black,0.0,5,6,5,2,7,white,doc,short
10901,white,0.0,5,6,5,3,4,black,doc,short
9029,black,1.0,6,1,1,6,0,white,doc,long
10938,white,1.0,6,5,6,3,3,white,doc,short
19820,black,0.0,1,5,5,1,1,white,doc,short
8731,white,0.0,5,5,6,4,5,black,doc,short
19719,black,1.0,6,6,5,2,4,black,doc,short
17837,white,0.0,7,7,7,5,7,white,doc,short
8568,white,1.0,1,1,4,5,0,black,doc,short
12020,black,0.0,5,5,5,2,1,black,lay,short
15851,black,0.0,6,6,5,5,6,white,doc,long
16037,black,0.0,4,5,6,3,4,black,lay,short
17781,black,1.0,6,6,6,11,0,white,doc,long
12203,black,0.0,6,6,6,5,4,white,doc,short
12745,black,0.0,7,7,7,1,0,white,doc,long
8476,white,0.0,7,7,7,9,3,white,doc,short
20006,black,0.0,5,5,6,7,0,white,doc,short
14776,black,1.0,7,6,5,6,1,black,doc,short
15645,black,0.0,1,1,1,8,0,black,lay,short
17043,white,0.0,6,6,6,5,3,black,doc,short
12158,black,1.0,4,4,5,2,3,black,lay,short
12520,black,0.0,6,5,6,2,0,white,doc,short
10168,white,0.0,1,1,5,6,0,white,doc,short
8699,white,1.0,4,4,4,4,5,black,doc,short
17946,white,1.0,5,4,5,3,6,white,doc,short
15856,black,1.0,6,6,6,5,4,black,doc,short
8690,white,1.0,4,4,5,11,7,white,doc,short
9312,white,1.0,4,5,5,2,2,black,doc,short
19195,white,0.0,5,6,5,2,1,white,doc,short
19899,black,1.0,6,5,6,4,4,white,doc,long
11087,white,1.0,5,5,5,11,0,white,doc,short
18930,black,1.0,6,6,6,5,1,white,doc,long
8882,white,0.0,5,5,6,6,0,black,doc,short
19792,black,0.0,7,7,7,4,0,white,doc,short
16062,black,1.0,7,7,7,3,0,black,lay,short
8692,black,0.0,6,7,7,7,10,white,doc,long
15287,black,1.0,1,1,5,1,6,white,doc,short
8445,white,1.0,5,4,1,12,2,black,doc,short
8579,white,0.0,5,4,6,8,4,white,doc,short
9563,white,0.0,5,5,5,8,1,white,doc,short
12232,black,0.0,5,5,5,11,0,black,lay,short
16452,white,1.0,6,6,6,7,5,white,doc,short
8841,white,1.0,5,5,1,2,0,black,doc,short
18299,white,0.0,6,6,6,5,2,black,doc,short
8469,white,0.0,6,6,6,4,2,white,doc,short
8965,black,1.0,5,5,5,4,6,black,doc,short
18658,black,1.0,5,6,5,4,0,black,doc,short
19303,white,0.0,5,5,5,3,1,black,doc,short
19259,white,0.0,7,7,7,6,1,black,doc,short
20305,white,1.0,6,6,5,4,3,white,doc,short
18675,black,1.0,5,4,5,7,0,white,doc,short
19025,black,0.0,4,5,6,1,0,black,lay,short
14521,black,1.0,6,5,7,3,0,white,doc,long
13017,black,1.0,5,6,6,7,3,white,doc,long
10752,black,1.0,5,5,4,7,0,white,doc,long
8849,white,0.0,5,4,6,3,6,white,doc,short
8748,black,1.0,5,5,6,3,5,white,doc,long
9038,black,1.0,5,5,5,1,0,white,doc,long
15261,black,1.0,6,5,5,8,3,white,doc,long
19400,black,1.0,1,5,1,2,2,black,lay,short
15995,black,1.0,5,5,5,1,5,black,lay,short
9974,black,0.0,7,6,6,4,5,black,doc,short
8438,white,0.0,5,5,5,3,5,white,doc,short
19450,black,1.0,7,7,7,5,5,black,doc,short
19692,black,0.0,5,4,4,4,2,black,lay,short
16902,white,1.0,6,6,6,2,6,black,doc,short
11741,black,0.0,6,6,6,8,2,black,doc,short
15530,black,1.0,6,6,5,1,1,white,doc,long
14268,black,1.0,6,6,6,1,5,white,doc,long
19598,black,0.0,1,1,1,2,10,white,doc,short
19667,black,0.0,7,7,7,5,0,white,doc,long
19699,black,0.0,4,6,6,2,6,white,doc,short
8313,white,0.0,5,6,6,3,5,white,doc,short
8769,black,0.0,6,5,5,5,3,black,doc,short
14626,black,0.0,1,1,1,2,0,white,doc,short
8728,white,1.0,4,5,1,3,0,black,doc,short
13418,black,1.0,5,1,5,1,0,black,lay,short
18989,black,0.0,5,5,5,5,0,white,doc,short
16856,white,1.0,5,6,5,8,5,white,doc,short
14957,black,0.0,5,5,6,1,2,black,doc,short
17197,black,1.0,7,6,6,3,0,white,doc,long
11981,black,1.0,4,5,6,2,2,black,doc,short
8382,white,1.0,5,5,5,8,2,white,doc,short
13867,black,0.0,7,5,5,8,0,black,doc,short
10278,white,0.0,6,5,5,3,0,white,doc,short
16441,white,0.0,6,5,6,8,0,white,doc,short
20601,white,1.0,5,4,5,3,3,white,doc,short
14460,black,1.0,6,6,5,2,1,white,doc,short
8449,white,1.0,1,1,1,8,0,white,doc,short
13157,black,1.0,5,5,6,4,0,white,doc,short
13255,white,1.0,5,5,5,5,5,white,doc,short
12486,black,1.0,7,7,5,2,0,black,doc,short
14897,black,0.0,6,4,6,3,0,black,doc,short
19389,black,1.0,5,6,4,3,2,white,doc,short
18266,white,1.0,5,5,5,5,0,black,doc,short
17916,white,1.0,5,1,1,3,0,black,doc,short
16272,white,0.0,4,1,4,7,3,white,doc,short
16624,white,1.0,4,4,5,5,0,black,doc,short
13051,black,0.0,6,5,7,3,0,white,doc,short
12760,black,1.0,4,5,5,9,0,white,doc,short
8512,white,1.0,6,5,6,2,3,white,doc,short
13175,black,0.0,4,5,1,4,2,black,lay,short
15366,white,0.0,5,6,6,3,8,black,doc,short
15787,black,0.0,1,5,1,3,0,black,lay,short
10943,black,1.0,1,5,4,5,0,black,doc,short
14008,black,0.0,1,1,1,1,6,white,doc,long
8682,black,0.0,6,6,6,5,5,white,doc,short
16586,black,0.0,5,5,5,5,0,white,doc,short
16168,black,0.0,5,4,7,3,0,white,doc,long
12651,black,1.0,6,5,6,3,10,black,lay,short
15482,black,0.0,5,6,7,8,8,white,doc,short
11907,black,0.0,6,5,7,2,0,white,doc,short
12083,black,1.0,5,5,5,2,0,white,doc,long
14036,black,1.0,7,7,7,11,0,black,doc,short
18829,black,1.0,5,5,5,7,0,black,lay,short
14340,black,1.0,4,5,7,4,0,white,doc,short
15439,white,0.0,7,7,7,6,0,white,doc,short
19284,white,1.0,5,5,6,4,0,black,doc,short
11108,white,1.0,6,6,6,5,7,white,doc,short
18789,black,1.0,6,4,4,3,0,white,doc,long
19307,white,0.0,4,5,4,1,0,black,doc,short
15203,black,1.0,6,6,6,3,2,black,lay,short
16312,white,1.0,6,6,6,1,2,white,doc,short
10981,white,0.0,5,7,7,4,4,black,doc,short
16590,white,1.0,6,6,7,3,4,black,doc,short
17351,white,1.0,4,4,5,2,1,black,doc,short
17198,black,1.0,5,5,6,2,1,white,doc,short
10280,white,1.0,5,5,6,1,0,black,doc,short
8825,white,1.0,6,6,7,2,2,black,doc,short
13283,white,0.0,7,7,7,2,3,white,doc,short
19713,black,1.0,6,6,7,3,0,white,doc,long
14463,black,1.0,6,6,4,2,8,black,doc,short
8248,black,1.0,6,6,6,5,0,black,lay,short
9228,black,0.0,5,5,6,6,5,white,doc,long
10225,white,1.0,7,7,7,7,3,white,doc,short
8990,white,1.0,5,5,4,2,4,white,doc,short
10626,white,1.0,4,1,1,5,2,white,doc,short
17348,white,0.0,7,7,6,3,0,white,doc,short
9380,black,1.0,6,6,6,5,8,white,doc,short
18798,black,1.0,7,5,5,7,3,white,doc,short
12882,black,1.0,1,5,4,4,0,black,lay,short
10073,black,1.0,4,4,5,1,0,black,lay,short
19748,black,0.0,5,5,6,1,0,black,lay,short
13654,black,1.0,4,6,6,1,4,black,lay,short
18831,black,0.0,5,5,5,3,0,white,doc,short
16304,white,1.0,6,5,1,5,0,white,doc,short
19698,black,0.0,6,6,7,2,0,white,doc,long
9491,white,0.0,5,5,1,3,0,white,doc,short
12648,black,1.0,5,5,6,4,3,black,lay,short
8904,white,0.0,5,5,6,3,8,black,doc,short
15448,white,0.0,7,6,6,7,1,black,doc,short
12570,black,0.0,1,5,7,3,0,black,lay,short
10188,white,1.0,5,5,6,3,5,white,doc,short
12471,black,1.0,6,6,6,4,0,white,doc,long
18470,black,0.0,7,7,5,4,3,black,lay,short
13600,black,0.0,5,4,4,11,0,black,lay,short
17740,white,1.0,7,7,7,6,5,black,doc,short
11779,black,0.0,5,6,6,7,5,black,lay,short
13495,black,1.0,1,5,1,5,0,black,lay,short
19661,black,0.0,5,5,5,8,10,white,doc,long
9256,white,1.0,7,7,7,3,5,black,doc,short
10243,white,1.0,6,6,6,6,3,black,doc,short
11088,white,1.0,7,6,7,8,7,black,doc,short
18568,black,0.0,6,6,5,4,0,white,doc,long
9252,black,1.0,6,6,6,2,0,white,doc,short
19218,white,0.0,4,4,6,7,5,black,doc,short
15726,black,1.0,6,6,6,1,0,white,doc,short
13222,white,1.0,7,6,6,2,4,white,doc,short
19550,black,0.0,5,4,6,3,0,black,lay,short
18214,black,1.0,5,5,7,1,0,white,doc,long
19224,white,1.0,5,5,6,6,1,black,doc,short
19298,white,0.0,5,5,5,12,0,black,doc,short
19558,black,1.0,5,5,6,8,2,black,doc,short
9887,white,1.0,1,1,1,1,0,black,doc,short
14483,black,1.0,7,7,7,3,5,black,lay,short
12874,black,1.0,6,6,7,3,1,white,doc,long
17195,black,0.0,4,6,6,1,0,black,lay,short
17718,white,0.0,5,5,5,3,5,black,doc,short
19409,black,0.0,1,5,4,4,2,black,lay,short
14110,black,1.0,6,6,7,8,5,black,doc,short
19618,black,1.0,7,1,6,3,0,white,doc,short
20267,black,1.0,6,6,6,2,2,white,doc,long
12334,black,1.0,6,6,6,4,0,black,lay,short
11322,black,1.0,5,6,6,2,6,black,lay,short
8800,white,0.0,1,4,4,7,5,white,doc,short
19043,black,0.0,6,6,6,4,2,black,doc,short
13309,white,0.0,5,1,6,5,4,white,doc,short
12809,black,0.0,7,7,7,3,0,white,doc,short
15159,white,0.0,5,5,5,3,2,black,doc,short
16308,black,0.0,6,5,5,7,0,white,doc,long
16104,black,0.0,5,5,5,6,0,white,doc,short
9378,white,0.0,6,6,6,2,4,black,doc,short
11288,white,0.0,5,5,6,8,0,white,doc,short
10851,black,1.0,4,4,5,2,2,black,lay,short
14669,black,0.0,6,5,6,1,3,white,doc,long
17367,white,0.0,7,7,6,2,0,black,doc,short
11484,black,0.0,6,6,6,4,8,white,doc,long
20482,white,1.0,6,6,6,4,3,black,doc,short
18834,black,1.0,6,6,5,4,2,white,doc,short
12680,black,1.0,6,6,6,3,0,white,doc,long
10065,black,0.0,6,6,6,6,1,white,doc,long
10444,white,1.0,6,6,5,3,5,black,doc,short
13337,black,1.0,5,4,5,11,0,black,doc,short
13254,white,1.0,6,6,6,6,3,white,doc,short
11578,black,1.0,5,5,5,4,0,black,doc,short
8958,black,0.0,5,5,1,1,10,white,doc,long
17667,white,1.0,6,6,7,3,2,white,doc,short
8850,black,0.0,7,7,7,3,0,black,doc,short
20427,white,0.0,4,4,5,2,0,white,doc,short
20402,white,0.0,5,5,5,7,3,black,doc,short
20555,black,0.0,5,5,5,5,3,black,lay,short
12898,black,0.0,7,7,6,11,0,black,doc,short
14872,black,1.0,7,6,6,3,1,black,doc,short
11847,black,1.0,5,5,5,1,5,white,doc,short
20382,white,1.0,5,5,6,4,5,black,doc,short
10232,black,1.0,5,6,4,5,6,black,lay,short
15035,white,1.0,1,1,1,1,5,black,doc,short
20471,white,1.0,7,6,4,5,0,black,doc,short
19408,black,1.0,1,1,1,6,0,white,doc,short
19983,black,1.0,5,5,6,4,4,white,doc,short
16068,black,0.0,5,5,5,8,2,white,doc,short
9476,white,0.0,7,7,1,9,1,white,doc,short
16237,white,1.0,5,5,6,3,5,white,doc,short
16459,white,0.0,5,5,5,5,3,white,doc,short
8487,white,0.0,6,6,6,1,6,black,doc,short
13272,white,0.0,5,5,5,2,2,white,doc,short
13288,white,0.0,5,5,6,1,0,black,doc,short
17992,black,1.0,6,5,6,11,1,black,doc,short
9212,white,1.0,5,5,1,3,0,black,doc,short
13868,black,0.0,6,6,6,5,0,white,doc,short
13115,black,1.0,6,5,6,3,8,black,doc,short
18751,black,1.0,5,5,5,1,0,black,lay,short
16340,white,1.0,1,1,1,4,1,black,doc,short
9978,black,1.0,5,5,5,3,5,white,doc,short
11676,black,0.0,5,5,7,5,3,white,doc,long
18138,black,0.0,4,4,6,2,1,black,doc,short
8878,black,0.0,6,6,6,1,2,black,doc,short
19397,black,0.0,5,5,5,8,0,black,lay,short
17592,black,1.0,5,5,1,1,1,black,lay,short
12391,black,0.0,5,5,4,1,0,black,doc,short
18255,black,0.0,6,6,6,3,0,black,doc,short
12259,black,0.0,5,5,5,5,0,black,doc,short
14840,black,1.0,5,1,4,1,0,black,lay,short
12696,black,0.0,1,1,6,1,0,black,lay,short
19268,black,1.0,7,7,6,3,4,white,doc,short
14360,black,0.0,6,6,6,2,5,white,doc,long
19619,black,1.0,7,6,4,1,0,black,doc,short
10671,black,0.0,6,6,6,6,0,white,doc,short
17906,white,0.0,5,5,4,5,1,black,doc,short
8768,black,0.0,7,7,7,1,0,white,doc,short
10330,black,1.0,5,5,6,5,4,white,doc,long
18958,black,1.0,7,7,7,4,3,white,doc,short
9246,black,0.0,7,5,6,1,0,white,doc,long
9831,black,1.0,7,7,7,3,1,black,lay,short
20564,black,0.0,5,4,6,1,6,black,lay,short
19458,black,1.0,6,6,6,1,10,black,lay,short
12768,black,0.0,5,5,6,3,5,white,doc,short
12394,black,0.0,6,6,6,5,3,white,doc,short
18960,black,1.0,5,6,7,11,0,black,lay,short
13554,black,1.0,5,6,5,1,0,black,doc,short
19838,black,1.0,6,6,5,2,3,black,doc,short
13037,black,0.0,5,5,6,1,1,white,doc,short
14114,black,0.0,5,6,6,1,5,black,lay,short
19078,black,0.0,7,7,7,3,0,white,doc,short
11364,black,0.0,5,5,5,1,2,black,doc,short
10150,white,1.0,6,5,5,3,2,white,doc,short
13776,black,1.0,1,1,1,12,0,black,lay,short
16973,white,1.0,5,6,5,9,4,black,doc,short
10890,white,1.0,5,5,7,8,3,white,doc,short
9906,black,1.0,5,5,7,2,0,white,doc,long
19559,black,0.0,6,6,6,3,2,black,doc,short
16302,white,0.0,7,7,5,3,0,white,doc,short
20049,black,1.0,7,5,6,8,8,white,doc,long
20451,white,0.0,5,5,5,4,2,black,doc,short
11168,black,0.0,4,5,5,1,0,black,lay,short
14885,black,1.0,6,5,5,1,3,black,lay,short
8962,black,0.0,7,7,7,4,5,white,doc,short
11939,black,1.0,7,7,7,4,5,white,doc,long
11826,black,0.0,4,6,6,5,6,black,lay,short
19296,white,0.0,4,4,4,1,0,black,doc,short
9770,black,1.0,6,7,1,11,0,white,doc,short
17108,black,0.0,4,6,6,1,0,black,lay,short
17885,white,1.0,5,5,5,4,0,white,doc,short
19361,white,1.0,6,4,4,12,1,black,doc,short
14448,black,0.0,6,5,6,4,4,white,doc,long
15640,black,1.0,5,5,5,1,0,white,doc,long
9531,white,0.0,5,5,6,9,0,black,doc,short
9356,black,1.0,6,6,7,1,0,black,doc,short
10298,white,0.0,6,6,5,4,0,white,doc,short
15149,black,1.0,6,6,6,1,1,white,doc,long
11490,black,1.0,7,6,7,8,8,black,doc,short
13065,black,1.0,5,6,6,3,5,white,doc,short
9145,white,1.0,1,1,1,2,0,white,doc,short
18998,black,1.0,7,1,1,3,0,black,doc,short
15668,black,0.0,6,6,4,1,5,white,doc,short
20203,black,0.0,6,6,6,5,5,black,doc,short
18818,black,0.0,6,6,6,11,1,black,doc,short
17881,white,0.0,6,6,7,7,2,white,doc,short
15623,white,1.0,6,7,6,1,3,white,doc,short
12363,white,0.0,5,5,6,6,5,black,doc,short
12494,black,1.0,7,7,6,10,6,black,lay,short
19070,black,0.0,5,1,7,6,0,white,doc,long
14902,black,1.0,6,6,6,1,2,white,doc,short
13915,black,0.0,7,7,7,1,0,black,doc,short
9900,black,1.0,7,7,7,3,0,white,doc,long
8791,black,0.0,7,7,7,1,0,white,doc,long
10847,white,0.0,7,7,7,3,6,black,doc,short
8346,white,0.0,7,7,7,5,0,white,doc,short
18822,black,0.0,6,6,6,5,0,black,doc,short
20138,black,1.0,7,7,7,3,0,white,doc,short
13721,black,1.0,7,7,7,4,3,white,doc,long
16837,white,0.0,4,4,4,1,2,black,doc,short
15445,white,1.0,6,6,5,5,0,white,doc,short
8947,black,1.0,6,6,6,1,7,white,doc,short
11622,black,1.0,5,6,5,4,3,white,doc,short
19530,black,0.0,5,5,5,1,3,black,lay,short
12351,black,1.0,5,6,6,3,2,white,doc,short
18262,black,0.0,6,6,6,4,0,white,doc,long
8740,white,0.0,5,5,6,6,0,black,doc,short
12636,black,1.0,5,6,6,1,0,black,doc,short
11247,black,1.0,6,6,5,7,5,black,doc,short
19234,white,1.0,6,5,5,3,0,white,doc,short
11718,black,1.0,5,5,5,3,0,white,doc,short
8534,white,0.0,7,7,5,1,3,black,doc,short
11150,black,1.0,4,5,6,4,1,black,lay,short
8630,white,0.0,7,7,6,1,9,black,doc,short
15715,black,1.0,4,5,6,6,3,black,lay,short
10804,white,0.0,6,6,6,7,4,black,doc,short
10027,black,1.0,6,6,6,12,5,white,doc,short
15017,white,0.0,6,7,5,3,0,black,doc,short
10586,white,1.0,7,7,7,7,9,white,doc,short
13606,black,0.0,5,5,5,1,1,black,lay,short
8427,white,0.0,5,5,6,1,0,white,doc,short
18519,black,1.0,5,5,5,4,0,white,doc,short
8154,black,0.0,6,6,6,2,4,white,doc,long
18858,black,1.0,4,4,1,4,0,black,lay,short
9385,white,1.0,6,6,6,2,5,black,doc,short
16861,white,1.0,6,5,5,5,0,black,doc,short
8647,white,1.0,6,6,6,4,3,black,doc,short
17910,white,0.0,7,7,7,4,1,white,doc,short
19045,black,1.0,5,5,6,4,3,white,doc,short
13889,black,0.0,7,7,7,4,0,white,doc,long
8340,white,1.0,6,6,7,6,4,black,doc,short
8773,white,1.0,6,6,6,5,4,white,doc,short
9070,white,0.0,5,5,6,6,7,white,doc,short
18838,black,0.0,5,5,5,1,5,black,lay,short
11840,black,1.0,7,6,5,5,2,black,doc,short
18745,black,1.0,4,6,5,3,4,black,doc,short
20153,black,1.0,6,6,6,4,0,white,doc,long
18792,black,0.0,5,5,5,12,4,white,doc,long
20677,black,1.0,6,6,5,5,2,black,lay,short
10985,white,0.0,7,7,7,2,1,white,doc,short
10170,white,0.0,6,6,6,4,8,black,doc,short
10110,white,1.0,6,6,6,5,5,white,doc,short
8876,white,1.0,5,6,6,3,4,black,doc,short
15565,black,0.0,5,5,5,1,0,black,doc,short
8450,white,1.0,7,7,7,1,3,white,doc,short
8451,white,1.0,7,6,7,7,10,black,doc,short
15173,black,1.0,6,6,6,4,2,white,doc,short
14673,black,1.0,1,5,6,1,0,white,doc,long
19774,black,0.0,5,5,7,12,0,black,doc,short
11762,white,1.0,5,6,6,3,1,white,doc,short
16022,black,1.0,6,6,5,1,2,white,doc,long
18051,black,1.0,5,6,6,6,1,white,doc,long
8558,white,1.0,4,1,5,6,0,white,doc,short
20552,white,0.0,5,5,5,9,3,black,doc,short
9071,white,0.0,6,5,5,1,0,black,doc,short
15496,black,1.0,1,1,1,1,0,black,lay,short
10764,white,1.0,5,5,1,2,0,black,doc,short
9462,white,1.0,5,5,5,3,5,white,doc,short
8941,white,0.0,4,6,6,5,4,black,doc,short
11551,black,0.0,5,6,5,2,4,black,doc,short
19354,white,0.0,7,7,5,6,1,black,doc,short
20268,white,0.0,5,5,5,4,0,black,doc,short
13187,white,0.0,6,6,7,3,1,white,doc,short
13249,black,1.0,4,4,4,1,0,black,doc,short
15808,black,0.0,5,1,5,1,0,black,doc,short
11839,black,1.0,6,6,6,1,6,white,doc,short
11719,black,0.0,6,4,6,5,4,black,doc,short
11157,black,1.0,7,6,7,1,0,white,doc,long
19505,black,1.0,6,5,6,2,2,black,lay,short
8555,black,1.0,6,7,7,11,2,black,lay,short
17627,white,0.0,6,6,7,1,5,white,doc,short
20379,white,1.0,7,7,7,6,10,white,doc,short
19648,black,0.0,4,4,6,3,0,black,doc,short
13809,black,0.0,6,6,6,7,0,white,doc,short
9184,black,1.0,5,6,6,3,1,black,lay,short
16384,white,0.0,6,6,5,2,6,white,doc,short
9092,black,1.0,1,1,1,11,0,black,lay,short
12650,black,0.0,1,4,6,2,0,black,lay,short
8351,white,1.0,6,7,7,4,4,black,doc,short
9445,white,1.0,7,7,5,3,0,black,doc,short
13397,white,1.0,5,5,5,10,5,white,doc,short
10012,black,0.0,5,5,5,3,0,white,doc,short
10991,white,1.0,7,6,7,7,6,black,doc,short
8592,white,1.0,6,6,6,4,1,black,doc,short
15548,black,0.0,6,6,6,6,9,black,doc,short
20069,black,0.0,5,5,5,4,0,white,doc,long
9350,white,0.0,5,4,5,7,0,white,doc,short
9516,white,1.0,5,5,5,1,0,black,doc,short
9247,white,0.0,1,1,5,4,5,white,doc,short
11396,white,0.0,7,6,7,3,8,white,doc,short
11746,black,1.0,5,6,7,4,4,white,doc,long
18707,black,1.0,5,5,6,6,4,black,lay,short
10502,black,0.0,7,6,7,8,8,black,doc,short
11879,black,1.0,7,6,6,1,0,white,doc,long
13921,black,1.0,6,5,6,2,0,white,doc,long
8644,white,0.0,5,5,6,2,1,white,doc,short
15749,black,0.0,5,5,5,2,3,black,doc,short
12324,black,0.0,5,5,5,3,4,white,doc,short
13704,black,0.0,6,6,7,4,4,black,doc,short
9943,white,1.0,6,6,5,1,3,white,doc,short
8678,white,0.0,6,6,6,4,5,white,doc,short
11343,white,1.0,6,6,6,1,6,black,doc,short
16153,black,0.0,5,5,6,3,5,white,doc,short
9682,white,0.0,5,4,5,6,5,white,doc,short
20193,black,0.0,1,1,1,7,0,white,doc,short
13796,black,1.0,1,1,1,6,0,white,doc,short
15195,black,0.0,4,5,4,11,7,white,doc,long
8831,white,0.0,6,6,6,5,4,white,doc,short
15630,black,0.0,7,7,6,7,0,black,doc,short
9979,black,1.0,6,6,6,3,3,white,doc,long
13239,black,0.0,4,4,4,3,0,white,doc,short
9467,white,0.0,7,5,7,6,2,white,doc,short
18737,black,1.0,6,7,6,6,0,black,lay,short
8183,white,1.0,7,7,7,5,0,white,doc,short
16014,black,0.0,1,1,7,8,3,black,lay,short
14844,black,1.0,4,4,5,2,3,white,doc,long
13375,black,0.0,5,5,6,6,0,black,lay,short
9589,white,1.0,1,6,5,3,10,white,doc,short
13063,black,0.0,5,5,5,2,0,white,doc,long
8966,white,0.0,5,6,6,2,2,white,doc,short
18192,black,0.0,7,6,7,6,2,white,doc,long
18407,white,0.0,7,7,7,4,0,black,doc,short
9960,black,1.0,1,1,1,3,0,white,doc,long
10006,black,1.0,5,5,6,4,1,white,doc,long
16252,white,0.0,5,1,4,3,1,white,doc,short
18126,black,0.0,5,5,5,4,0,black,lay,short
8615,white,1.0,5,1,4,11,1,white,doc,short
8530,white,1.0,5,5,5,7,0,white,doc,short
13275,black,1.0,7,6,7,1,1,black,doc,short
9088,white,0.0,5,5,5,3,0,black,doc,short
9425,black,0.0,5,5,5,1,0,black,doc,short
12960,black,0.0,1,1,5,1,10,white,doc,short
9561,white,1.0,5,5,5,1,2,black,doc,short
14128,black,1.0,5,5,5,4,0,black,doc,short
12532,black,0.0,7,7,7,1,0,white,doc,short
16734,white,1.0,6,6,7,5,2,black,doc,short
8494,white,1.0,6,6,6,1,8,black,doc,short
8222,white,0.0,6,6,6,5,5,white,doc,short
8650,black,0.0,1,6,1,3,0,white,doc,long
20525,white,0.0,5,5,5,1,0,white,doc,short
17036,white,1.0,5,5,5,8,0,white,doc,short
18309,white,1.0,6,6,6,1,3,black,doc,short
17625,black,1.0,7,7,7,4,5,white,doc,long
8179,white,0.0,4,5,5,1,4,white,doc,short
8257,white,0.0,4,1,1,6,0,white,doc,short
8361,white,0.0,7,7,6,3,3,black,doc,short
15452,black,0.0,6,6,5,4,3,white,doc,short
16029,black,0.0,5,5,6,3,3,black,lay,short
13462,black,0.0,6,6,6,3,1,black,doc,short
14841,black,0.0,6,5,5,2,1,black,doc,short
11146,white,0.0,6,4,1,6,3,black,doc,short
9310,white,0.0,5,4,5,1,0,black,doc,short
19913,black,1.0,6,5,6,3,7,white,doc,long
9685,white,1.0,6,6,6,9,0,black,doc,short
10802,white,0.0,5,4,5,1,5,black,doc,short
8892,white,0.0,5,5,5,8,8,white,doc,short
18757,black,0.0,5,6,5,4,0,white,doc,short
9992,black,1.0,6,6,6,4,0,black,lay,short
10310,white,1.0,5,5,7,4,10,white,doc,short
8897,white,0.0,5,5,6,11,3,white,doc,short
8459,white,1.0,7,7,7,6,3,black,doc,short
8674,white,0.0,5,5,6,1,5,black,doc,short
13784,black,1.0,7,7,7,2,10,black,lay,short
8792,white,0.0,1,1,4,4,3,black,doc,short
16147,black,1.0,7,7,7,6,9,black,lay,short
10169,white,1.0,6,6,6,9,0,white,doc,short
17804,black,0.0,5,4,5,4,0,black,lay,short
8335,white,0.0,1,1,1,5,0,black,doc,short
9503,black,1.0,5,5,6,2,0,white,doc,long
8793,white,1.0,6,6,6,8,2,black,doc,short
9444,white,0.0,7,7,7,7,1,white,doc,short
11735,black,1.0,7,7,7,3,10,black,doc,short
19052,black,1.0,5,1,5,1,1,black,lay,short
9362,white,1.0,7,7,7,1,0,black,doc,short
9653,white,0.0,7,6,7,1,5,black,doc,short
13280,white,1.0,7,7,7,4,10,black,doc,short
8696,white,0.0,5,5,5,1,5,white,doc,short
9028,white,0.0,7,7,7,2,5,white,doc,short
17413,black,0.0,6,5,6,3,2,white,doc,short
12181,black,0.0,6,6,7,2,6,white,doc,long
9576,white,1.0,5,5,5,3,5,black,doc,short
14662,black,1.0,7,7,7,4,10,black,lay,short
10184,white,0.0,5,4,5,6,0,black,doc,short
14189,black,1.0,5,5,5,1,0,white,doc,short
14256,black,0.0,7,6,6,3,9,white,doc,short
8815,white,0.0,5,5,6,4,3,black,doc,short
18743,black,0.0,6,6,7,6,2,white,doc,short
8753,white,1.0,7,7,7,4,7,black,doc,short
9221,black,0.0,7,6,5,2,3,black,doc,short
20031,black,1.0,6,6,5,10,5,white,doc,long
16657,white,1.0,7,7,7,9,7,black,doc,short
10391,white,1.0,5,4,4,4,3,black,doc,short
8594,black,0.0,6,6,6,5,0,white,doc,short
16214,white,0.0,6,6,6,5,3,black,doc,short
8720,white,0.0,5,5,5,3,0,white,doc,short
9634,white,1.0,6,6,6,4,5,black,doc,short
12135,black,0.0,7,7,7,1,10,black,doc,short
17726,white,0.0,7,7,6,1,1,black,doc,short
9512,white,1.0,1,1,5,3,1,black,doc,short
8326,white,0.0,5,5,4,2,0,white,doc,short
9093,black,0.0,1,1,1,6,0,black,lay,short
8331,white,1.0,6,6,5,1,0,white,doc,short
12435,black,1.0,6,6,6,4,3,white,doc,long
15467,white,0.0,7,5,4,1,2,black,doc,short
8988,white,1.0,5,6,6,3,7,black,doc,short
13663,black,0.0,6,7,5,2,0,white,doc,short
18460,black,0.0,6,5,7,1,3,white,doc,long
8502,black,1.0,5,5,4,11,0,black,doc,short
9482,black,0.0,4,4,5,7,0,white,doc,short
10888,white,0.0,5,5,5,6,0,black,doc,short
11419,black,1.0,5,5,5,6,5,black,lay,short
8782,black,1.0,5,5,4,3,0,black,lay,short
9436,white,0.0,5,5,5,1,2,black,doc,short
8677,white,1.0,6,5,6,1,0,white,doc,short
11885,white,0.0,7,5,7,1,10,white,doc,short
15964,black,1.0,1,6,6,2,0,black,lay,short
19727,black,1.0,5,5,5,6,0,black,doc,short
8587,white,1.0,5,5,5,7,0,white,doc,short
8368,white,1.0,5,5,5,4,3,white,doc,short
8442,white,0.0,5,5,4,5,3,white,doc,short
18275,white,0.0,5,5,5,8,3,black,doc,short
11966,black,0.0,5,5,1,9,0,black,lay,short
8225,white,1.0,5,6,6,5,0,white,doc,short
8556,white,0.0,5,5,5,6,3,white,doc,short
8386,white,0.0,4,4,4,6,2,black,doc,short
8899,white,1.0,1,1,5,3,0,black,doc,short
9508,black,0.0,5,5,6,2,3,black,lay,short
9052,black,0.0,6,7,7,3,2,white,doc,long
20247,black,0.0,5,5,5,3,0,black,lay,short
9351,white,1.0,6,6,6,7,8,black,doc,short
10838,white,0.0,1,5,1,11,3,white,doc,short
9331,white,1.0,5,5,6,6,5,black,doc,short
13236,white,1.0,7,7,5,1,4,white,doc,short
8951,white,1.0,5,5,6,1,0,white,doc,short
19113,black,0.0,5,5,6,2,5,black,doc,short
8291,white,0.0,6,6,6,4,5,black,doc,short
9003,white,1.0,5,6,6,3,0,black,doc,short
9066,white,0.0,4,4,5,8,2,white,doc,short
17825,white,1.0,5,6,6,4,2,black,doc,short
13195,white,0.0,7,7,7,3,6,black,doc,short
9630,white,0.0,4,4,4,3,0,white,doc,short
16688,white,0.0,7,7,5,3,0,white,doc,short
13407,white,1.0,5,5,5,3,1,white,doc,short
13194,white,1.0,7,7,7,5,2,black,doc,short
16321,black,1.0,6,6,5,3,0,black,doc,short
8860,black,1.0,5,6,6,5,4,white,doc,short
8946,white,1.0,6,6,6,5,6,white,doc,short
8399,white,1.0,7,7,6,6,1,black,doc,short
8576,white,0.0,5,5,5,6,10,black,doc,short
9557,white,1.0,4,1,1,6,2,white,doc,short
16868,black,0.0,5,5,5,4,0,white,doc,short
8159,black,1.0,1,4,6,1,2,white,doc,long
9118,black,0.0,5,5,6,1,3,black,doc,short
9493,white,1.0,6,6,6,5,7,black,doc,short
8474,white,1.0,5,6,6,4,5,white,doc,short
8526,white,0.0,6,6,6,7,4,black,doc,short
10077,black,0.0,6,5,6,2,6,black,doc,short
13918,black,0.0,7,7,7,3,10,white,doc,short
9001,black,0.0,7,6,7,2,10,black,doc,short
9598,white,1.0,5,5,5,4,5,black,doc,short
10429,black,1.0,7,7,7,3,8,white,doc,long
14288,black,0.0,7,6,6,9,9,white,doc,short
11373,black,0.0,6,6,6,1,5,white,doc,short
8239,white,0.0,6,6,7,4,5,black,doc,short
8871,white,0.0,5,5,7,11,0,white,doc,short
9635,black,1.0,4,6,7,5,4,black,lay,short
12969,black,1.0,7,6,5,1,5,white,doc,short
14713,black,0.0,7,7,6,1,0,black,doc,short
8208,white,0.0,6,7,7,8,5,white,doc,short
8884,white,1.0,4,4,6,3,1,black,doc,short
14933,black,1.0,7,6,6,9,10,white,doc,short
9950,black,1.0,5,5,5,5,3,white,doc,short
